time,icao24,velocity,vertrate,onground,baroaltitude,geoaltitude,time_s,phase,color
0 days 00:00:00.000000000,4bb859,,,True,,,0.0,LVL,4
0 days 00:00:10.000000000,4bb859,,,True,,,10.0,LVL,4
0 days 00:00:20.000000000,4bb859,,,True,,,20.0,LVL,4
0 days 00:00:30.000000000,4bb859,,,True,,,30.000000000000004,LVL,4
0 days 00:00:40.000000000,4bb859,,,True,,,40.0,LVL,4
0 days 00:00:50.000000000,4bb859,,,True,,,50.0,LVL,4
0 days 00:01:00.000000000,4bb859,,,True,,,60.00000000000001,LVL,4
0 days 00:01:10.000000000,4bb859,,,True,,,70.0,LVL,4
0 days 00:01:20.000000000,4bb859,,,True,,,80.0,LVL,4
0 days 00:01:30.000000000,4bb859,,,True,,,90.0,LVL,4
0 days 00:01:40.000000000,4bb859,,,True,,,100.0,LVL,4
0 days 00:01:50.000000000,4bb859,,,True,,,110.0,LVL,4
0 days 00:02:00.000000000,4bb859,,,True,,,120.00000000000001,LVL,4
0 days 00:02:10.000000000,4bb859,,,True,,,130.0,LVL,4
0 days 00:02:20.000000000,4bb859,,,True,,,140.0,LVL,4
0 days 00:02:30.000000000,4bb859,,,True,,,150.0,LVL,4
0 days 00:02:40.000000000,4bb859,,,True,,,160.0,LVL,4
0 days 00:02:50.000000000,4bb859,,,True,,,170.0,LVL,4
0 days 00:03:00.000000000,4bb859,,,True,,,180.0,LVL,4
0 days 00:03:10.000000000,4bb859,,,True,,,190.0,LVL,4
0 days 00:03:20.000000000,4bb859,,,True,,,200.0,LVL,4
0 days 00:03:30.000000000,4bb859,,,True,,,210.0,LVL,4
0 days 00:03:40.000000000,4bb859,,,True,,,220.0,LVL,4
0 days 00:03:50.000000000,4bb859,,,True,,,230.00000000000003,LVL,4
0 days 00:04:00.000000000,4bb859,,,True,,,240.00000000000003,LVL,4
0 days 00:04:10.000000000,4bb859,,,True,,,250.00000000000003,LVL,4
0 days 00:04:20.000000000,4bb859,,,True,,,260.0,LVL,4
0 days 00:04:30.000000000,4bb859,,,True,,,270.0,LVL,4
0 days 00:04:40.000000000,4bb859,,,True,,,280.0,LVL,4
0 days 00:04:50.000000000,4bb859,,,True,,,290.0,LVL,4
0 days 00:05:00.000000000,4bb859,,,True,,,300.0,LVL,4
0 days 00:05:10.000000000,4bb859,,,True,,,310.0,LVL,4
0 days 00:05:20.000000000,4bb859,,,True,,,320.0,LVL,4
0 days 00:05:30.000000000,4bb859,,,True,,,330.0,LVL,4
0 days 00:05:40.000000000,4bb859,,,True,,,340.0,LVL,4
0 days 00:05:50.000000000,4bb859,,,True,,,350.0,LVL,4
0 days 00:06:00.000000000,4bb859,,,True,,,360.0,LVL,4
0 days 00:06:10.000000000,4bb859,,,True,,,370.0,LVL,4
0 days 00:06:20.000000000,4bb859,,,True,,,380.0,LVL,4
0 days 00:06:30.000000000,4bb859,,,True,,,390.0,LVL,4
0 days 00:06:40.000000000,4bb859,,,True,,,400.0,LVL,4
0 days 00:06:50.000000000,4bb859,,,True,,,410.0,LVL,4
0 days 00:07:00.000000000,4bb859,,,True,,,420.0,LVL,4
0 days 00:07:10.000000000,4bb859,,,True,,,430.0,LVL,4
0 days 00:07:20.000000000,4bb859,,,True,,,440.0,LVL,4
0 days 00:07:30.000000000,4bb859,,,True,,,450.0,LVL,4
0 days 00:07:40.000000000,4bb859,,,True,,,460.00000000000006,LVL,4
0 days 00:07:50.000000000,4bb859,,,True,,,470.00000000000006,LVL,4
0 days 00:08:00.000000000,4bb859,,,True,,,480.00000000000006,LVL,4
0 days 00:08:10.000000000,4bb859,,,True,,,490.00000000000006,LVL,4
0 days 00:08:20.000000000,4bb859,,,True,,,500.00000000000006,LVL,4
0 days 00:08:30.000000000,4bb859,,,True,,,510.00000000000006,LVL,4
0 days 00:08:40.000000000,4bb859,,,True,,,520.0,LVL,4
0 days 00:08:50.000000000,4bb859,,,True,,,530.0,LVL,4
0 days 00:09:00.000000000,4bb859,,,True,,,540.0,LVL,4
0 days 00:09:10.000000000,4bb859,,,True,,,550.0,LVL,4
0 days 00:09:20.000000000,4bb859,,,True,,,560.0,LVL,4
0 days 00:09:30.000000000,4bb859,,,True,,,570.0,LVL,4
0 days 00:09:40.000000000,4bb859,66.99633266191934,-0.32512,False,38.1,137.16,580.0,LVL,4
0 days 00:09:50.000000000,4bb859,82.67196711967848,5.2019199999999985,False,22.86,121.92,590.0,LVL,4
0 days 00:10:00.000000000,4bb859,80.05846221615582,11.05408,False,144.78,243.84,600.0,CL,2
0 days 00:10:10.000000000,4bb859,79.73218173658523,13.329920000000001,False,259.08000000000004,358.14000000000016,610.0,CL,2
0 days 00:10:20.000000000,4bb859,76.4775987064552,14.305280000000002,False,403.86,495.3,620.0,CL,2
0 days 00:10:30.000000000,4bb859,75.11587084750812,10.07872,False,541.02,632.46,630.0,CL,2
0 days 00:10:40.000000000,4bb859,82.63994854097189,5.2019199999999985,False,601.98,701.04,640.0,CL,2
0 days 00:10:50.000000000,4bb859,90.73631378776541,7.477760000000001,False,662.94,762.0,650.0,CL,2
0 days 00:11:00.000000000,4bb859,94.97589279112582,11.70432,False,754.38,853.44,660.0,CL,2
0 days 00:11:10.000000000,4bb859,96.63471435805954,14.305280000000002,False,899.1600000000003,982.98,670.0,CL,2
0 days 00:11:20.000000000,4bb859,98.47807340753364,14.630400000000002,False,1036.3200000000004,1120.14,680.0,CL,2
0 days 00:11:30.000000000,4bb859,101.25533493465241,16.581120000000002,False,1188.72,1280.16,690.0,CL,2
0 days 00:11:40.000000000,4bb859,105.64280084636681,13.0048,False,1348.74,1432.5600000000006,700.0,CL,2
0 days 00:11:50.000000000,4bb859,112.61624501299204,9.42848,False,1440.18,1524.0,710.0,CL,2
0 days 00:12:00.000000000,4bb859,118.36237398744291,11.3792,False,1546.86,1630.68,720.0,CL,2
0 days 00:12:10.000000000,4bb859,123.57154767942713,10.72896,False,1661.16,1737.36,730.0,CL,2
0 days 00:12:20.000000000,4bb859,129.99257813557512,10.40384,False,1760.22,1836.42,740.0,CL,2
0 days 00:12:30.000000000,4bb859,136.42954008254546,10.07872,False,1866.9,1950.72,750.0,CL,2
0 days 00:12:40.000000000,4bb859,141.49548188595423,13.65504,False,1981.2,2049.78,760.0,CL,2
0 days 00:12:50.000000000,4bb859,142.18770567442644,19.832320000000006,False,2156.46,2225.04,770.0,CL,2
0 days 00:13:00.000000000,4bb859,142.4127437458047,18.20672,False,2339.34,2400.3,780.0,CL,2
0 days 00:13:10.000000000,4bb859,141.72161913550562,20.15744,False,2537.46,2598.42,790.0,CL,2
0 days 00:13:20.000000000,4bb859,141.72255283834838,17.231360000000002,False,2735.58,2796.54,800.0,CL,2
0 days 00:13:30.000000000,4bb859,146.1102471740276,13.98016,False,2880.36,2941.32,810.0,CL,2
0 days 00:13:40.000000000,4bb859,150.64339893654062,15.60576,False,3025.1400000000012,3078.4800000000005,820.0,CL,2
0 days 00:13:50.000000000,4bb859,156.0131478486282,10.72896,False,3169.92,3230.88,830.0,CL,2
0 days 00:14:00.000000000,4bb859,162.89282549325296,7.80288,False,3261.36,3322.32,840.0,CL,2
0 days 00:14:10.000000000,4bb859,169.89430344802236,6.8275200000000025,False,3329.94,3390.9,850.0,CL,2
0 days 00:14:20.000000000,4bb859,176.88496947726918,6.1772800000000005,False,3390.9,3451.86,860.0,CL,2
0 days 00:14:30.000000000,4bb859,182.88176688694568,6.5024000000000015,False,3451.86,3512.82,870.0,CL,2
0 days 00:14:40.000000000,4bb859,187.9270339654556,9.7536,False,3535.680000000001,3596.6400000000012,880.0,CL,2
0 days 00:14:50.000000000,4bb859,190.87605623188202,12.679680000000001,False,3642.36,3703.32,890.0,CL,2
0 days 00:15:00.000000000,4bb859,191.77793374377015,14.305280000000002,False,3794.76,3848.1,900.0,CL,2
0 days 00:15:10.000000000,4bb859,193.1331307752685,14.955520000000002,False,3931.92,3985.26,910.0,CL,2
0 days 00:15:20.000000000,4bb859,194.49113162920432,14.305280000000002,False,4084.32,4137.66,920.0000000000001,CL,2
0 days 00:15:30.000000000,4bb859,195.397994347266,14.955520000000002,False,4229.1,4274.8200000000015,930.0000000000001,CL,2
0 days 00:15:40.000000000,4bb859,195.851877982021,14.630400000000002,False,4381.5,4427.22,940.0000000000001,CL,2
0 days 00:15:50.000000000,4bb859,196.54790668524763,14.305280000000002,False,4526.280000000002,4564.38,950.0000000000001,CL,2
0 days 00:16:00.000000000,4bb859,198.39404632100846,12.354560000000001,False,4655.8200000000015,4701.540000000001,960.0000000000001,CL,2
0 days 00:16:10.000000000,4bb859,199.99767264235044,11.70432,False,4777.740000000002,4815.840000000001,970.0000000000001,CL,2
0 days 00:16:20.000000000,4bb859,201.8437276256683,12.02944,False,4892.04,4930.14,980.0000000000001,CL,2
0 days 00:16:30.000000000,4bb859,203.23663495330499,12.02944,False,5021.58,5052.06,990.0000000000001,CL,2
0 days 00:16:40.000000000,4bb859,204.83981811739415,12.354560000000001,False,5143.5,5173.980000000001,1000.0000000000001,CL,2
0 days 00:16:50.000000000,4bb859,205.9896988428666,12.02944,False,5265.42,5303.52,1010.0000000000001,CL,2
0 days 00:17:00.000000000,4bb859,207.3828347534453,11.3792,False,5379.72,5402.58,1020.0000000000001,CL,2
0 days 00:17:10.000000000,4bb859,208.5326532014197,13.0048,False,5501.64,5532.12,1030.0,CL,2
0 days 00:17:20.000000000,4bb859,208.9858705296983,13.0048,False,5631.18,5654.04,1040.0,CL,2
0 days 00:17:30.000000000,4bb859,210.13573355979332,11.3792,False,5753.1,5775.96,1050.0,CL,2
0 days 00:17:40.000000000,4bb859,211.5290886743343,10.72896,False,5859.7800000000025,5882.64,1060.0,CL,2
0 days 00:17:50.000000000,4bb859,212.678889763164,12.679680000000001,False,5974.08,5996.94,1070.0,CL,2
0 days 00:18:00.000000000,4bb859,212.678889763164,12.679680000000001,False,6103.62,6118.86,1080.0,CL,2
0 days 00:18:10.000000000,4bb859,213.82869656030982,10.07872,False,6225.54,6240.78,1090.0,CL,2
0 days 00:18:20.000000000,4bb859,215.67539359463711,9.10336,False,6309.360000000002,6324.6,1100.0,CL,2
0 days 00:18:30.000000000,4bb859,217.0697661965657,9.42848,False,6408.42,6416.04,1110.0,CL,2
0 days 00:18:40.000000000,4bb859,218.6719850193264,9.7536,False,6499.860000000002,6507.480000000001,1120.0,CL,2
0 days 00:18:50.000000000,4bb859,220.06661244008572,10.40384,False,6598.92,6598.92,1130.0,CL,2
0 days 00:19:00.000000000,4bb859,219.4560460431906,14.630400000000002,False,6736.08,6720.84,1140.0,CL,2
0 days 00:19:10.000000000,4bb859,218.41828582031425,13.65504,False,6880.860000000002,6873.2400000000025,1150.0,CL,2
0 days 00:19:20.000000000,4bb859,218.9290168060764,9.7536,False,6995.160000000003,6987.540000000001,1160.0,CL,2
0 days 00:19:30.000000000,4bb859,220.3340289896693,7.477760000000001,False,7078.980000000001,7071.360000000002,1170.0,CL,2
0 days 00:19:40.000000000,4bb859,221.48233207385672,9.42848,False,7162.8,7147.56,1180.0,CL,2
0 days 00:19:50.000000000,4bb859,223.0765858661557,8.128,False,7254.2400000000025,7231.380000000001,1190.0,CL,2
0 days 00:20:00.000000000,4bb859,224.2250073360537,8.77824,False,7330.44,7315.200000000003,1200.0,CL,2
0 days 00:20:10.000000000,4bb859,225.3734482903824,6.8275200000000025,False,7414.26,7399.02,1210.0,CL,2
0 days 00:20:20.000000000,4bb859,227.67038747290002,5.52704,False,7467.6,7452.360000000002,1220.0,CL,2
0 days 00:20:30.000000000,4bb859,229.777436245106,6.5024000000000015,False,7528.56,7513.320000000002,1230.0,CL,2
0 days 00:20:40.000000000,4bb859,232.0741216614873,6.8275200000000025,False,7589.52,7574.2800000000025,1240.0,CL,2
0 days 00:20:50.000000000,4bb859,232.52015171499505,9.7536,False,7680.96,7658.1,1250.0,CL,2
0 days 00:21:00.000000000,4bb859,233.2224937761716,7.80288,False,7772.400000000002,7741.920000000001,1260.0,CL,2
0 days 00:21:10.000000000,4bb859,234.37088511095692,7.477760000000001,False,7840.98,7818.120000000001,1270.0,CL,2
0 days 00:21:20.000000000,4bb859,235.07332678038318,8.128,False,7924.8,7901.94,1280.0,CL,2
0 days 00:21:30.000000000,4bb859,235.7759206323173,7.477760000000001,False,8001.0,7978.14,1290.0,CL,2
0 days 00:21:40.000000000,4bb859,236.47866531032642,7.80288,False,8077.200000000003,8046.720000000001,1300.0,CL,2
0 days 00:21:50.000000000,4bb859,237.18155947376357,5.2019199999999985,False,8145.7800000000025,8115.300000000001,1310.0,CL,2
0 days 00:22:00.000000000,4bb859,239.0327384733281,4.55168,False,8191.5,8161.02,1320.0,CL,2
0 days 00:22:10.000000000,4bb859,238.58779097192348,4.22656,False,8244.84,8214.36,1330.0,CL,2
0 days 00:22:20.000000000,4bb859,241.32907454407,7.477760000000001,False,8321.04,8290.560000000001,1340.0,CL,2
0 days 00:22:30.000000000,4bb859,241.32907454407,7.152640000000001,False,8389.62,8351.52,1350.0,CL,2
0 days 00:22:40.000000000,4bb859,241.77445027914936,5.8521600000000005,False,8458.2,8427.720000000001,1360.0,CL,2
0 days 00:22:50.000000000,4bb859,242.92272287058262,5.52704,False,8511.54,8473.44,1370.0,CL,2
0 days 00:23:00.000000000,4bb859,244.32840663963296,4.55168,False,8557.26,8519.16,1380.0,CL,2
0 days 00:23:10.000000000,4bb859,245.73466531470885,3.5763200000000004,False,8602.98,8564.88,1390.0,CL,2
0 days 00:23:20.000000000,4bb859,246.43800716659325,8.45312,False,8656.32,8618.22,1400.0,CL,2
0 days 00:23:30.000000000,4bb859,245.03146473246787,10.07872,False,8755.380000000001,8717.28,1410.0,CL,2
0 days 00:23:40.000000000,4bb859,245.73466531470885,2.27584,False,8823.960000000001,8785.86,1420.0,CL,2
0 days 00:23:50.000000000,4bb859,248.03084001904,1.6256000000000002,False,8831.58,8793.48,1430.0,CL,2
0 days 00:24:00.000000000,4bb859,248.73407299968,4.8768,False,8869.68,8823.960000000001,1440.0,CL,2
0 days 00:24:10.000000000,4bb859,249.6967246233593,5.8521600000000005,False,8923.02,8877.300000000001,1450.0,CL,2
0 days 00:24:20.000000000,4bb859,249.6967246233593,6.8275200000000025,False,8983.98,8938.26,1460.0,CL,2
0 days 00:24:30.000000000,4bb859,248.80907357192245,10.72896,False,9067.8,9022.080000000002,1470.0,CL,2
0 days 00:24:40.000000000,4bb859,246.5137063064649,10.07872,False,9182.1,9128.76,1480.0,CL,2
0 days 00:24:50.000000000,4bb859,246.7749850113242,3.90144,False,9250.68,9204.96,1490.0,CL,2
0 days 00:25:00.000000000,4bb859,247.92251434033986,6.8275200000000025,False,9296.4,9250.68,1500.0,CL,2
0 days 00:25:10.000000000,4bb859,247.21804333752567,9.10336,False,9380.22,9334.500000000002,1510.0,CL,2
0 days 00:25:20.000000000,4bb859,246.7749850113242,6.5024000000000015,False,9456.42,9410.7,1520.0,CL,2
0 days 00:25:30.000000000,4bb859,246.7749850113242,6.8275200000000025,False,9517.38,9471.660000000002,1530.0,CL,2
0 days 00:25:40.000000000,4bb859,246.07045531293042,9.10336,False,9608.82,9555.48,1540.0,CL,2
0 days 00:25:50.000000000,4bb859,245.3660598758576,7.152640000000001,False,9685.02,9631.68,1550.0,CL,2
0 days 00:26:00.000000000,4bb859,245.10543877917166,6.1772800000000005,False,9753.6,9700.26,1560.0,CL,2
0 days 00:26:10.000000000,4bb859,245.3660598758576,5.52704,False,9814.56,9753.6,1570.0,CL,2
0 days 00:26:20.000000000,4bb859,245.62748189918392,5.52704,False,9867.9,9814.56,1580.0,CL,2
0 days 00:26:30.000000000,4bb859,245.62748189918392,6.1772800000000005,False,9921.24,9867.9,1590.0,CL,2
0 days 00:26:40.000000000,4bb859,245.62748189918392,5.52704,False,9982.2,9928.86,1600.0,CL,2
0 days 00:26:50.000000000,4bb859,244.74237383900416,8.45312,False,10050.78,10005.06,1610.0,CL,2
0 days 00:27:00.000000000,4bb859,244.03739842330685,5.52704,False,10119.36,10073.64,1620.0,CL,2
0 days 00:27:10.000000000,4bb859,244.74237383900416,4.22656,False,10165.08,10119.36,1630.0,CL,2
0 days 00:27:20.000000000,4bb859,245.3660598758576,3.90144,False,10203.18,10157.46,1640.0,CL,2
0 days 00:27:30.000000000,4bb859,246.07045531293042,3.90144,False,10241.28,10195.56,1650.0,CL,2
0 days 00:27:40.000000000,4bb859,245.88970229459213,6.1772800000000005,False,10287.0,10233.66,1660.0,CL,2
0 days 00:27:50.000000000,4bb859,245.26950588768196,4.8768,False,10355.58,10309.86,1670.0,CL,2
0 days 00:28:00.000000000,4bb859,245.7998142909336,4.55168,False,10401.3,10347.96,1680.0,CL,2
0 days 00:28:10.000000000,4bb859,245.35958817102158,8.128,False,10462.26,10416.54,1690.0,CL,2
0 days 00:28:20.000000000,4bb859,243.50651235217674,8.45312,False,10546.08,10507.98,1700.0,CL,2
0 days 00:28:30.000000000,4bb859,242.53456787623702,3.5763200000000004,False,10614.66,10568.94,1710.0,CL,2
0 days 00:28:40.000000000,4bb859,243.41683153412654,0.6502399999999999,False,10629.9,10591.8,1720.0,CL,2
0 days 00:28:50.000000000,4bb859,245.00554153475812,2.60096,False,10645.14,10607.04,1730.0,CL,2
0 days 00:29:00.000000000,4bb859,244.56388569193118,6.5024000000000015,False,10690.86,10652.76,1740.0,CL,2
0 days 00:29:10.000000000,4bb859,243.41683153412654,8.128,False,10759.44,10721.34,1750.0,CL,2
0 days 00:29:20.000000000,4bb859,241.82862820201686,8.45312,False,10850.88,10812.78,1760.0,CL,2
0 days 00:29:30.000000000,4bb859,240.6817333545401,6.5024000000000015,False,10919.46,10881.36,1770.0,CL,2
0 days 00:29:40.000000000,4bb859,239.97585732734368,2.92608,False,10972.8,10942.320000000003,1780.0,CL,2
0 days 00:29:50.000000000,4bb859,240.9471394111552,1.30048,False,10988.04,10957.56,1790.0,CL,2
0 days 00:30:00.000000000,4bb859,242.09387010661854,2.27584,False,11003.28,10972.8,1800.0,CL,2
0 days 00:30:10.000000000,4bb859,242.09387010661854,3.5763200000000004,False,11033.76,11003.28,1810.0,CL,2
0 days 00:30:20.000000000,4bb859,242.09387010661854,3.90144,False,11071.86,11041.38,1820.0,CL,2
0 days 00:30:30.000000000,4bb859,242.80012859408103,1.6256000000000002,False,11102.34,11079.48,1830.0000000000002,CL,2
0 days 00:30:40.000000000,4bb859,243.50651235217674,2.27584,False,11117.58,11094.72,1840.0000000000002,CL,2
0 days 00:30:50.000000000,4bb859,243.77318556155143,4.55168,False,11155.68,11132.82,1850.0000000000002,CL,2
0 days 00:31:00.000000000,4bb859,243.06648798415173,4.8768,False,11201.4,11178.54,1860.0000000000002,CL,2
0 days 00:31:10.000000000,4bb859,242.1873191205157,3.90144,False,11247.12,11224.26,1870.0000000000002,CL,2
0 days 00:31:20.000000000,4bb859,241.04103300060947,0.6502399999999999,False,11269.98,11247.12,1880.0000000000002,CL,2
0 days 00:31:30.000000000,4bb859,239.0172374295265,0.32512,False,11277.6,11254.74,1890.0000000000002,CL,2
0 days 00:31:40.000000000,4bb859,238.4807246790377,0.0,False,11277.6,11254.74,1900.0000000000002,CL,2
0 days 00:31:50.000000000,4bb859,238.9203331203601,0.0,False,11277.6,11254.74,1910.0000000000002,CL,2
0 days 00:32:00.000000000,4bb859,239.89478561133967,0.0,False,11277.6,11254.74,1920.0000000000002,CR,5
0 days 00:32:10.000000000,4bb859,240.3340098881804,0.0,False,11277.6,11254.74,1930.0000000000002,CR,5
0 days 00:32:20.000000000,4bb859,241.04103300060947,0.0,False,11277.6,11254.74,1940.0000000000002,CR,5
0 days 00:32:30.000000000,4bb859,240.3340098881804,0.0,False,11277.6,11254.74,1950.0000000000002,CR,5
0 days 00:32:40.000000000,4bb859,239.1876936596373,0.32512,False,11277.6,11254.74,1960.0000000000002,CR,5
0 days 00:32:50.000000000,4bb859,238.74857751055117,0.0,False,11277.6,11254.74,1970.0000000000002,CR,5
0 days 00:33:00.000000000,4bb859,238.74857751055117,0.0,False,11277.6,11254.74,1980.0000000000002,CR,5
0 days 00:33:10.000000000,4bb859,239.45586090832583,0.0,False,11277.6,11254.74,1990.0000000000002,CR,5
0 days 00:33:20.000000000,4bb859,239.0172374295265,0.0,False,11277.6,11254.74,2000.0000000000002,CR,5
0 days 00:33:30.000000000,4bb859,239.0172374295265,0.0,False,11277.6,11254.74,2010.0000000000002,CR,5
0 days 00:33:40.000000000,4bb859,239.2867017174834,0.0,False,11277.6,11254.74,2020.0000000000002,CR,5
0 days 00:33:50.000000000,4bb859,239.2867017174834,0.0,False,11277.6,11254.74,2030.0000000000002,CR,5
0 days 00:34:00.000000000,4bb859,239.2867017174834,0.0,False,11277.6,11247.12,2040.0000000000002,CR,5
0 days 00:34:10.000000000,4bb859,239.2867017174834,0.0,False,11277.6,11254.74,2050.0,CR,5
0 days 00:34:20.000000000,4bb859,239.72483215915847,-0.32512,False,11277.6,11254.74,2060.0,CR,5
0 days 00:34:30.000000000,4bb859,239.9946047089064,0.0,False,11277.6,11254.74,2070.0,CR,5
0 days 00:34:40.000000000,4bb859,239.9946047089064,0.0,False,11277.6,11254.74,2080.0,CR,5
0 days 00:34:50.000000000,4bb859,240.26517585844604,-0.32512,False,11277.6,11254.74,2090.0,CR,5
0 days 00:35:00.000000000,4bb859,240.70262476851624,0.0,False,11269.98,11247.12,2100.0,CR,5
0 days 00:35:10.000000000,4bb859,240.26517585844604,0.0,False,11277.6,11254.74,2110.0,CR,5
0 days 00:35:20.000000000,4bb859,240.26517585844604,0.32512,False,11277.6,11254.74,2120.0,CR,5
0 days 00:35:30.000000000,4bb859,240.26517585844604,0.32512,False,11285.22,11262.36,2130.0,CR,5
0 days 00:35:40.000000000,4bb859,240.70262476851624,0.0,False,11285.22,11254.74,2140.0,CR,5
0 days 00:35:50.000000000,4bb859,240.70262476851624,0.0,False,11285.22,11262.36,2150.0,CR,5
0 days 00:36:00.000000000,4bb859,240.9734991998439,-0.32512,False,11285.22,11262.36,2160.0,CR,5
0 days 00:36:10.000000000,4bb859,240.80870318133515,0.0,False,11285.22,11262.36,2170.0,CR,5
0 days 00:36:20.000000000,4bb859,241.24516651746518,-0.32512,False,11285.22,11262.36,2180.0,CR,5
0 days 00:36:30.000000000,4bb859,241.24516651746518,0.0,False,11277.6,11254.74,2190.0,CR,5
0 days 00:36:40.000000000,4bb859,240.80870318133515,0.32512,False,11277.6,11254.74,2200.0,CR,5
0 days 00:36:50.000000000,4bb859,240.80870318133515,0.32512,False,11285.22,11262.36,2210.0,CR,5
0 days 00:37:00.000000000,4bb859,240.80870318133515,0.32512,False,11285.22,11262.36,2220.0,CR,5
0 days 00:37:10.000000000,4bb859,240.80870318133515,0.32512,False,11292.84,11269.98,2230.0,CR,5
0 days 00:37:20.000000000,4bb859,239.93670366020484,0.32512,False,11292.84,11269.98,2240.0,CR,5
0 days 00:37:30.000000000,4bb859,239.93670366020484,0.0,False,11292.84,11269.98,2250.0,CR,5
0 days 00:37:40.000000000,4bb859,239.93670366020484,0.0,False,11292.84,11269.98,2260.0,CR,5
0 days 00:37:50.000000000,4bb859,239.22752305601108,-0.32512,False,11292.84,11269.98,2270.0,CR,5
0 days 00:38:00.000000000,4bb859,239.22752305601108,-0.6502399999999999,False,11285.22,11269.98,2280.0,CR,5
0 days 00:38:10.000000000,4bb859,238.7918050695716,-0.6502399999999999,False,11285.22,11262.36,2290.0,CR,5
0 days 00:38:20.000000000,4bb859,238.7918050695716,-0.32512,False,11277.6,11254.74,2300.0,CR,5
0 days 00:38:30.000000000,4bb859,237.92131229862326,0.0,False,11277.6,11254.74,2310.0,CR,5
0 days 00:38:40.000000000,4bb859,237.92131229862326,0.32512,False,11285.22,11262.36,2320.0,CR,5
0 days 00:38:50.000000000,4bb859,237.2116847804504,0.0,False,11285.22,11262.36,2330.0,CR,5
0 days 00:39:00.000000000,4bb859,237.2116847804504,0.0,False,11285.22,11262.36,2340.0,CR,5
0 days 00:39:10.000000000,4bb859,236.3420908459688,0.0,False,11285.22,11262.36,2350.0,CR,5
0 days 00:39:20.000000000,4bb859,236.3420908459688,-0.32512,False,11285.22,11262.36,2360.0,CR,5
0 days 00:39:30.000000000,4bb859,235.63220000025035,-0.32512,False,11285.22,11262.36,2370.0,CR,5
0 days 00:39:40.000000000,4bb859,235.63220000025035,-0.32512,False,11277.6,11254.74,2380.0,CR,5
0 days 00:39:50.000000000,4bb859,235.357427206601,0.0,False,11269.98,11247.12,2390.0,CR,5
0 days 00:40:00.000000000,4bb859,234.92241710613388,0.0,False,11269.98,11247.12,2400.0,CR,5
0 days 00:40:10.000000000,4bb859,234.92241710613388,-0.32512,False,11269.98,11247.12,2410.0,CR,5
0 days 00:40:20.000000000,4bb859,234.4877286382477,-0.32512,False,11269.98,11247.12,2420.0,CR,5
0 days 00:40:30.000000000,4bb859,234.05336359496934,0.0,False,11269.98,11247.12,2430.0,CR,5
0 days 00:40:40.000000000,4bb859,234.05336359496934,-0.32512,False,11269.98,11247.12,2440.0,CR,5
0 days 00:40:50.000000000,4bb859,233.61932378031486,-0.32512,False,11269.98,11247.12,2450.0,CR,5
0 days 00:41:00.000000000,4bb859,233.89613844443667,0.0,False,11262.36,11239.5,2460.0,CR,5
0 days 00:41:10.000000000,4bb859,233.4629399239418,0.0,False,11262.36,11239.5,2470.0,CR,5
0 days 00:41:20.000000000,4bb859,233.4629399239418,0.0,False,11262.36,11239.5,2480.0,CR,5
0 days 00:41:30.000000000,4bb859,233.89613844443667,0.0,False,11262.36,11231.88,2490.0,CR,5
0 days 00:41:40.000000000,4bb859,233.89613844443667,0.0,False,11262.36,11239.5,2500.0,CR,5
0 days 00:41:50.000000000,4bb859,234.3296655265108,-0.32512,False,11262.36,11239.5,2510.0,CR,5
0 days 00:42:00.000000000,4bb859,235.0401124456797,0.0,False,11262.36,11239.5,2520.0,CR,5
0 days 00:42:10.000000000,4bb859,235.0401124456797,0.32512,False,11262.36,11239.5,2530.0,CR,5
0 days 00:42:20.000000000,4bb859,235.31750509607616,0.97536,False,11269.98,11247.12,2540.0,CR,5
0 days 00:42:30.000000000,4bb859,236.46131801089612,0.32512,False,11277.6,11254.74,2550.0,CR,5
0 days 00:42:40.000000000,4bb859,236.46131801089612,0.0,False,11277.6,11254.74,2560.0,CR,5
0 days 00:42:50.000000000,4bb859,235.75066358698902,0.0,False,11277.6,11254.74,2570.0,CR,5
0 days 00:43:00.000000000,4bb859,235.31750509607616,0.32512,False,11277.6,11254.74,2580.0,CR,5
0 days 00:43:10.000000000,4bb859,234.17375604479008,0.0,False,11277.6,11254.74,2590.0,CR,5
0 days 00:43:20.000000000,4bb859,233.74107204091428,0.0,False,11277.6,11254.74,2600.0,CR,5
0 days 00:43:30.000000000,4bb859,234.17375604479008,0.0,False,11277.6,11254.74,2610.0,CR,5
0 days 00:43:40.000000000,4bb859,234.88467453803003,0.0,False,11277.6,11254.74,2620.0,CR,5
0 days 00:43:50.000000000,4bb859,235.87467776924407,0.0,False,11277.6,11254.74,2630.0,CR,5
0 days 00:44:00.000000000,4bb859,236.58607831347015,0.0,False,11277.6,11254.74,2640.0,CR,5
0 days 00:44:10.000000000,4bb859,237.2975766864608,0.32512,False,11277.6,11254.74,2650.0,CR,5
0 days 00:44:20.000000000,4bb859,237.2975766864608,0.32512,False,11285.22,11262.36,2660.0,CR,5
0 days 00:44:30.000000000,4bb859,237.5779033784964,0.32512,False,11285.22,11262.36,2670.0,CR,5
0 days 00:44:40.000000000,4bb859,238.2897722081588,0.32512,False,11292.84,11262.36,2680.0,CR,5
0 days 00:44:50.000000000,4bb859,238.00917201087555,0.32512,False,11292.84,11269.98,2690.0,CR,5
0 days 00:45:00.000000000,4bb859,238.7208634197164,0.0,False,11285.22,11262.36,2700.0,CR,5
0 days 00:45:10.000000000,4bb859,238.7208634197164,0.32512,False,11292.84,11269.98,2710.0,CR,5
0 days 00:45:20.000000000,4bb859,239.00173538036668,0.0,False,11292.84,11269.98,2720.0,CR,5
0 days 00:45:30.000000000,4bb859,239.43265005617715,0.0,False,11292.84,11269.98,2730.0,CR,5
0 days 00:45:40.000000000,4bb859,239.43265005617715,0.0,False,11292.84,11269.98,2740.0,CR,5
0 days 00:45:50.000000000,4bb859,239.43265005617715,0.0,False,11292.84,11269.98,2750.0,CR,5
0 days 00:46:00.000000000,4bb859,239.43265005617715,0.0,False,11292.84,11269.98,2760.0,CR,5
0 days 00:46:10.000000000,4bb859,239.43265005617715,-0.32512,False,11292.84,11269.98,2770.0,CR,5
0 days 00:46:20.000000000,4bb859,239.43265005617715,0.0,False,11292.84,11269.98,2780.0,CR,5
0 days 00:46:30.000000000,4bb859,239.00173538036668,-0.32512,False,11285.22,11262.36,2790.0,CR,5
0 days 00:46:40.000000000,4bb859,239.28338367520854,0.0,False,11285.22,11262.36,2800.0,CR,5
0 days 00:46:50.000000000,4bb859,239.28338367520854,0.0,False,11285.22,11262.36,2810.0,CR,5
0 days 00:47:00.000000000,4bb859,239.28338367520854,-0.32512,False,11285.22,11262.36,2820.0,CR,5
0 days 00:47:10.000000000,4bb859,239.28338367520854,0.0,False,11285.22,11262.36,2830.0,CR,5
0 days 00:47:20.000000000,4bb859,238.85330772300054,0.0,False,11285.22,11262.36,2840.0,CR,5
0 days 00:47:30.000000000,4bb859,238.42356599681582,0.0,False,11285.22,11262.36,2850.0,CR,5
0 days 00:47:40.000000000,4bb859,237.99416030717202,0.0,False,11285.22,11262.36,2860.0,CR,5
0 days 00:47:50.000000000,4bb859,237.99416030717202,0.0,False,11285.22,11269.98,2870.0,CR,5
0 days 00:48:00.000000000,4bb859,237.28140461279682,-0.32512,False,11285.22,11262.36,2880.0,CR,5
0 days 00:48:10.000000000,4bb859,236.99849386029823,-0.6502399999999999,False,11277.6,11262.36,2890.0,CR,5
0 days 00:48:20.000000000,4bb859,234.2844850506229,0.0,False,11277.6,11262.36,2900.0,CR,5
0 days 00:48:30.000000000,4bb859,233.57173977757702,0.32512,False,11277.6,11254.74,2910.0,CR,5
0 days 00:48:40.000000000,4bb859,234.71391221273618,0.0,False,11277.6,11262.36,2920.0,CR,5
0 days 00:48:50.000000000,4bb859,235.85616395588062,0.0,False,11277.6,11262.36,2930.0,CR,5
0 days 00:49:00.000000000,4bb859,235.99470179514591,-0.32512,False,11277.6,11262.36,2940.0,CR,5
0 days 00:49:10.000000000,4bb859,235.56648598505922,0.0,False,11277.6,11262.36,2950.0,CR,5
0 days 00:49:20.000000000,4bb859,235.28151316322564,0.0,False,11277.6,11262.36,2960.0,CR,5
0 days 00:49:30.000000000,4bb859,234.56841263880986,0.0,False,11277.6,11262.36,2970.0,CR,5
0 days 00:49:40.000000000,4bb859,233.85540102790299,0.0,False,11277.6,11262.36,2980.0,CR,5
0 days 00:49:50.000000000,4bb859,232.85908597374802,0.0,False,11277.6,11262.36,2990.0,CR,5
0 days 00:50:00.000000000,4bb859,232.000555507508,0.32512,False,11277.6,11262.36,3000.0,CR,5
0 days 00:50:10.000000000,4bb859,232.000555507508,0.0,False,11277.6,11262.36,3010.0,CR,5
0 days 00:50:20.000000000,4bb859,232.000555507508,-0.32512,False,11277.6,11262.36,3020.0,CR,5
0 days 00:50:30.000000000,4bb859,231.57181096003703,0.0,False,11277.6,11262.36,3030.0,CR,5
0 days 00:50:40.000000000,4bb859,232.28499610980285,0.32512,False,11277.6,11262.36,3040.0,CR,5
0 days 00:50:50.000000000,4bb859,233.2837630164669,-0.32512,False,11277.6,11262.36,3050.0,CR,5
0 days 00:51:00.000000000,4bb859,233.99738545512523,0.0,False,11277.6,11262.36,3060.0,CR,5
0 days 00:51:10.000000000,4bb859,233.99738545512523,0.0,False,11277.6,11262.36,3070.0,CR,5
0 days 00:51:20.000000000,4bb859,233.2837630164669,0.0,False,11277.6,11262.36,3080.0,CR,5
0 days 00:51:30.000000000,4bb859,233.2837630164669,0.0,False,11277.6,11262.36,3090.0,CR,5
0 days 00:51:40.000000000,4bb859,232.85624461754009,0.0,False,11277.6,11262.36,3100.0,CR,5
0 days 00:51:50.000000000,4bb859,232.00226661323742,0.0,False,11277.6,11262.36,3110.0,CR,5
0 days 00:52:00.000000000,4bb859,231.8641968425241,0.0,False,11277.6,11269.98,3120.0,CR,5
0 days 00:52:10.000000000,4bb859,231.8641968425241,0.0,False,11277.6,11262.36,3130.0,CR,5
0 days 00:52:20.000000000,4bb859,230.86158129613807,0.0,False,11277.6,11262.36,3140.0,CR,5
0 days 00:52:30.000000000,4bb859,231.00139601323312,0.0,False,11277.6,11262.36,3150.0,CR,5
0 days 00:52:40.000000000,4bb859,231.4289101949606,0.0,False,11277.6,11262.36,3160.0,CR,5
0 days 00:52:50.000000000,4bb859,230.7153729124344,-0.32512,False,11277.6,11262.36,3170.0,CR,5
0 days 00:53:00.000000000,4bb859,230.7153729124344,0.32512,False,11277.6,11269.98,3180.0,CR,5
0 days 00:53:10.000000000,4bb859,231.00139601323312,0.0,False,11277.6,11262.36,3190.0,CR,5
0 days 00:53:20.000000000,4bb859,230.14743502352613,0.0,False,11277.6,11262.36,3200.0,CR,5
0 days 00:53:30.000000000,4bb859,230.14743502352613,0.32512,False,11277.6,11269.98,3210.0,CR,5
0 days 00:53:40.000000000,4bb859,229.72099218338408,0.0,False,11277.6,11269.98,3220.0,CR,5
0 days 00:53:50.000000000,4bb859,230.00940245328133,-0.32512,False,11277.6,11269.98,3230.0,CR,5
0 days 00:54:00.000000000,4bb859,230.43531156293156,0.0,False,11277.6,11269.98,3240.0,CR,5
0 days 00:54:10.000000000,4bb859,230.43531156293156,0.0,False,11277.6,11269.98,3250.0,CR,5
0 days 00:54:20.000000000,4bb859,230.43531156293156,-0.32512,False,11277.6,11269.98,3260.0,CR,5
0 days 00:54:30.000000000,4bb859,230.00940245328133,0.0,False,11277.6,11269.98,3270.0,CR,5
0 days 00:54:40.000000000,4bb859,230.00940245328133,0.0,False,11277.6,11269.98,3280.0,CR,5
0 days 00:54:50.000000000,4bb859,230.00940245328133,0.32512,False,11277.6,11269.98,3290.0,CR,5
0 days 00:55:00.000000000,4bb859,230.2986007108401,0.0,False,11277.6,11269.98,3300.0,CR,5
0 days 00:55:10.000000000,4bb859,229.583855974204,0.0,False,11277.6,11269.98,3310.0,CR,5
0 days 00:55:20.000000000,4bb859,228.7338590018886,0.0,False,11277.6,11269.98,3320.0,CR,5
0 days 00:55:30.000000000,4bb859,229.1586741459088,0.32512,False,11277.6,11269.98,3330.0,CR,5
0 days 00:55:40.000000000,4bb859,229.1586741459088,-0.32512,False,11277.6,11269.98,3340.0,CR,5
0 days 00:55:50.000000000,4bb859,228.7338590018886,-0.32512,False,11277.6,11269.98,3350.0,CR,5
0 days 00:56:00.000000000,4bb859,227.5942350711977,0.0,False,11277.6,11269.98,3360.0,CR,5
0 days 00:56:10.000000000,4bb859,227.5942350711977,0.0,False,11277.6,11277.6,3370.0,CR,5
0 days 00:56:20.000000000,4bb859,229.02466794289046,-0.32512,False,11277.6,11277.6,3380.0,CR,5
0 days 00:56:30.000000000,4bb859,229.02466794289046,0.0,False,11277.6,11269.98,3390.0,CR,5
0 days 00:56:40.000000000,4bb859,229.4489446669263,0.0,False,11277.6,11277.6,3400.0,CR,5
0 days 00:56:50.000000000,4bb859,229.4489446669263,0.0,False,11277.6,11277.6,3410.0,CR,5
0 days 00:57:00.000000000,4bb859,228.7338590018886,0.0,False,11277.6,11277.6,3420.0,CR,5
0 days 00:57:10.000000000,4bb859,227.30392468170174,0.0,False,11277.6,11277.6,3430.0,CR,5
0 days 00:57:20.000000000,4bb859,226.45471942020268,0.0,False,11277.6,11277.6,3440.0,CR,5
0 days 00:57:30.000000000,4bb859,225.73952785207675,0.0,False,11277.6,11277.6,3450.0,CR,5
0 days 00:57:40.000000000,4bb859,224.46801731662654,0.0,False,11277.6,11277.6,3460.0,CR,5
0 days 00:57:50.000000000,4bb859,224.04493938263118,0.0,False,11277.6,11277.6,3470.0,CR,5
0 days 00:58:00.000000000,4bb859,223.32914091473216,0.0,False,11277.6,11277.6,3480.0,CR,5
0 days 00:58:10.000000000,4bb859,223.32914091473216,0.0,False,11277.6,11277.6,3490.0,CR,5
0 days 00:58:20.000000000,4bb859,224.04493938263118,0.0,False,11277.6,11277.6,3500.0,CR,5
0 days 00:58:30.000000000,4bb859,224.46801731662654,0.0,False,11277.6,11277.6,3510.0,CR,5
0 days 00:58:40.000000000,4bb859,224.46801731662654,0.0,False,11277.6,11277.6,3520.0,CR,5
0 days 00:58:50.000000000,4bb859,224.8914761355044,0.0,False,11277.6,11277.6,3530.0,CR,5
0 days 00:59:00.000000000,4bb859,224.8914761355044,0.0,False,11277.6,11285.22,3540.0,CR,5
0 days 00:59:10.000000000,4bb859,224.8914761355044,0.0,False,11277.6,11285.22,3550.0,CR,5
0 days 00:59:20.000000000,4bb859,224.46801731662654,0.32512,False,11277.6,11285.22,3560.0,CR,5
0 days 00:59:30.000000000,4bb859,224.46801731662654,0.0,False,11277.6,11285.22,3570.0,CR,5
0 days 00:59:40.000000000,4bb859,225.18372142561,0.0,False,11277.6,11285.22,3580.0,CR,5
0 days 01:00:00.000000000,4bb859,225.60700995468602,0.0,False,11277.6,11285.22,3600.0,CR,5
0 days 01:00:10.000000000,4bb859,224.76081320981635,0.0,False,11277.6,11285.22,3610.0,CR,5
0 days 01:00:20.000000000,4bb859,224.04493938263118,0.32512,False,11277.6,11285.22,3620.0,CR,5
0 days 01:00:30.000000000,4bb859,224.04493938263118,0.0,False,11277.6,11285.22,3630.0,CR,5
0 days 01:00:40.000000000,4bb859,224.33828745813202,0.0,False,11277.6,11292.84,3640.0,CR,5
0 days 01:00:50.000000000,4bb859,224.33828745813202,0.0,False,11277.6,11292.84,3650.0,CR,5
0 days 01:01:00.000000000,4bb859,223.9161463356656,0.0,False,11277.6,11292.84,3660.0000000000005,CR,5
0 days 01:01:10.000000000,4bb859,223.49439202190564,0.0,False,11277.6,11292.84,3670.0000000000005,CR,5
0 days 01:01:20.000000000,4bb859,223.78964436984143,0.32512,False,11277.6,11292.84,3680.0000000000005,CR,5
0 days 01:01:30.000000000,4bb859,224.9273657178767,-0.32512,False,11277.6,11292.84,3690.0000000000005,CR,5
0 days 01:01:40.000000000,4bb859,225.054404126373,0.0,False,11277.6,11292.84,3700.0000000000005,CR,5
0 days 01:01:50.000000000,4bb859,225.7705937987114,0.0,False,11277.6,11292.84,3710.0000000000005,CR,5
0 days 01:02:00.000000000,4bb859,225.7705937987114,0.0,False,11277.6,11292.84,3720.0000000000005,CR,5
0 days 01:02:10.000000000,4bb859,225.64395860808983,0.0,False,11277.6,11292.84,3730.0000000000005,CR,5
0 days 01:02:20.000000000,4bb859,226.0652146984983,0.0,False,11277.6,11300.46,3740.0000000000005,CR,5
0 days 01:02:30.000000000,4bb859,225.34878695895824,0.0,False,11277.6,11300.46,3750.0000000000005,CR,5
0 days 01:02:40.000000000,4bb859,224.9273657178767,0.0,False,11277.6,11300.46,3760.0000000000005,CR,5
0 days 01:02:50.000000000,4bb859,224.21084329655883,0.0,False,11277.6,11300.46,3770.0000000000005,CR,5
0 days 01:03:00.000000000,4bb859,223.78964436984143,0.0,False,11277.6,11300.46,3780.0000000000005,CR,5
0 days 01:03:10.000000000,4bb859,223.66543737256669,0.0,False,11277.6,11300.46,3790.0000000000005,CR,5
0 days 01:03:20.000000000,4bb859,223.96282760207544,0.0,False,11277.6,11300.46,3800.0000000000005,CR,5
0 days 01:03:30.000000000,4bb859,224.68014096609943,0.0,False,11277.6,11300.46,3810.0000000000005,CR,5
0 days 01:03:40.000000000,4bb859,225.5195993676659,0.0,False,11277.6,11300.46,3820.0000000000005,CR,5
0 days 01:03:50.000000000,4bb859,225.81689171079404,0.0,False,11277.6,11300.46,3830.0000000000005,CR,5
0 days 01:04:00.000000000,4bb859,225.93991598219884,0.0,False,11277.6,11300.46,3840.0000000000005,CR,5
0 days 01:04:10.000000000,4bb859,225.64395860808983,0.0,False,11277.6,11300.46,3850.0000000000005,CR,5
0 days 01:04:20.000000000,4bb859,224.50633224689054,0.0,False,11277.6,11300.46,3860.0000000000005,CR,5
0 days 01:04:30.000000000,4bb859,224.21084329655883,0.0,False,11277.6,11300.46,3870.0000000000005,CR,5
0 days 01:04:40.000000000,4bb859,223.78964436984143,0.0,False,11277.6,11300.46,3880.0000000000005,CR,5
0 days 01:04:50.000000000,4bb859,223.36883602656934,0.0,False,11277.6,11308.08,3890.0000000000005,CR,5
0 days 01:05:00.000000000,4bb859,223.24558038403381,0.0,False,11277.6,11308.08,3900.0000000000005,CR,5
0 days 01:05:10.000000000,4bb859,223.24558038403381,0.0,False,11277.6,11308.08,3910.0000000000005,CR,5
0 days 01:05:20.000000000,4bb859,223.54352916928624,0.0,False,11277.6,11308.08,3920.0000000000005,CR,5
0 days 01:05:30.000000000,4bb859,223.96282760207544,0.0,False,11277.6,11308.08,3930.0000000000005,CR,5
0 days 01:05:40.000000000,4bb859,224.38252197270768,-0.32512,False,11277.6,11308.08,3940.0000000000005,CR,5
0 days 01:05:50.000000000,4bb859,223.96282760207544,0.32512,False,11277.6,11308.08,3950.0000000000005,CR,5
0 days 01:06:00.000000000,4bb859,223.54352916928624,0.0,False,11277.6,11308.08,3960.0000000000005,CR,5
0 days 01:06:10.000000000,4bb859,223.96282760207544,0.32512,False,11277.6,11308.08,3970.0000000000005,CR,5
0 days 01:06:20.000000000,4bb859,223.54352916928624,0.0,False,11277.6,11308.08,3980.0000000000005,CR,5
0 days 01:06:30.000000000,4bb859,223.54352916928624,0.0,False,11277.6,11308.08,3990.0000000000005,CR,5
0 days 01:06:40.000000000,4bb859,223.54352916928624,0.0,False,11277.6,11308.08,4000.0000000000005,CR,5
0 days 01:06:50.000000000,4bb859,223.42392352291654,-0.32512,False,11277.6,11308.08,4010.0000000000005,CR,5
0 days 01:07:00.000000000,4bb859,222.4070584506348,0.0,False,11277.6,11308.08,4020.0000000000005,CR,5
0 days 01:07:10.000000000,4bb859,221.6895529410088,0.0,False,11277.6,11315.7,4030.0000000000005,CR,5
0 days 01:07:20.000000000,4bb859,220.85231310175118,0.32512,False,11277.6,11315.7,4040.0000000000005,CR,5
0 days 01:07:30.000000000,4bb859,220.85231310175118,-0.32512,False,11277.6,11315.7,4050.0000000000005,CR,5
0 days 01:07:40.000000000,4bb859,220.13454898753918,0.32512,False,11277.6,11315.7,4060.0000000000005,CR,5
0 days 01:07:50.000000000,4bb859,220.85231310175118,0.0,False,11277.6,11315.7,4070.0000000000005,CR,5
0 days 01:08:00.000000000,4bb859,220.85231310175118,-0.32512,False,11277.6,11315.7,4080.0000000000005,CR,5
0 days 01:08:10.000000000,4bb859,220.85231310175118,0.0,False,11277.6,11315.7,4090.0000000000005,CR,5
0 days 01:08:20.000000000,4bb859,221.57014094267558,0.0,False,11277.6,11315.7,4100.0,CR,5
0 days 01:08:30.000000000,4bb859,221.15228954182479,0.0,False,11277.6,11315.7,4110.0,CR,5
0 days 01:08:40.000000000,4bb859,220.434301595478,0.32512,False,11277.6,11315.7,4120.0,CR,5
0 days 01:08:50.000000000,4bb859,219.2986133305601,-0.32512,False,11277.6,11315.7,4130.0,CR,5
0 days 01:09:00.000000000,4bb859,217.56298404423458,0.0,False,11277.6,11323.32,4140.0,CR,5
0 days 01:09:10.000000000,4bb859,216.8453163642454,0.0,False,11277.6,11315.7,4150.0,CR,5
0 days 01:09:20.000000000,4bb859,217.56298404423458,0.0,False,11277.6,11323.32,4160.0,CR,5
0 days 01:09:30.000000000,4bb859,218.16307850738227,0.32512,False,11277.6,11323.32,4170.0,CR,5
0 days 01:09:40.000000000,4bb859,218.76636588478974,0.0,False,11277.6,11323.32,4180.0,CR,5
0 days 01:09:50.000000000,4bb859,219.90119244297543,0.0,False,11277.6,11323.32,4190.0,CR,5
0 days 01:10:00.000000000,4bb859,220.31781296534731,-0.32512,False,11277.6,11323.32,4200.0,CR,5
0 days 01:10:10.000000000,4bb859,220.31781296534731,0.0,False,11277.6,11323.32,4210.0,CR,5
0 days 01:10:20.000000000,4bb859,220.31781296534731,0.0,False,11277.6,11323.32,4220.0,CR,5
0 days 01:10:30.000000000,4bb859,221.0361792999931,0.0,False,11277.6,11323.32,4230.0,CR,5
0 days 01:10:40.000000000,4bb859,221.75460540823084,0.0,False,11277.6,11323.32,4240.0,CR,5
0 days 01:10:50.000000000,4bb859,221.75460540823084,0.0,False,11277.6,11323.32,4250.0,CR,5
0 days 01:11:00.000000000,4bb859,221.75460540823084,0.0,False,11277.6,11323.32,4260.0,CR,5
0 days 01:11:10.000000000,4bb859,221.75460540823084,0.0,False,11277.6,11323.32,4270.0,CR,5
0 days 01:11:20.000000000,4bb859,220.6197157606028,0.0,False,11277.6,11330.94,4280.0,CR,5
0 days 01:11:30.000000000,4bb859,219.48498689229191,0.32512,False,11277.6,11323.32,4290.0,CR,5
0 days 01:11:40.000000000,4bb859,219.069198678488,0.0,False,11277.6,11330.94,4300.0,CR,5
0 days 01:11:50.000000000,4bb859,219.069198678488,0.0,False,11277.6,11330.94,4310.0,CR,5
0 days 01:12:00.000000000,4bb859,219.069198678488,-0.32512,False,11277.6,11330.94,4320.0,CR,5
0 days 01:12:10.000000000,4bb859,219.48498689229191,0.32512,False,11277.6,11330.94,4330.0,CR,5
0 days 01:12:20.000000000,4bb859,220.6197157606028,0.32512,False,11277.6,11330.94,4340.0,CR,5
0 days 01:12:30.000000000,4bb859,220.92240393405743,-0.32512,False,11277.6,11330.94,4350.0,CR,5
0 days 01:12:40.000000000,4bb859,221.33829794514182,0.0,False,11277.6,11330.94,4360.0,CR,5
0 days 01:12:50.000000000,4bb859,221.64119883321405,-0.32512,False,11277.6,11330.94,4370.0,CR,5
0 days 01:13:00.000000000,4bb859,221.64119883321405,0.0,False,11277.6,11338.56,4380.0,CR,5
0 days 01:13:10.000000000,4bb859,220.2036664324596,-0.32512,False,11277.6,11330.94,4390.0,CR,5
0 days 01:13:20.000000000,4bb859,218.04780398867214,0.32512,False,11277.6,11338.56,4400.0,CR,5
0 days 01:13:30.000000000,4bb859,215.3628733416496,-0.32512,False,11277.6,11338.56,4410.0,CR,5
0 days 01:13:40.000000000,4bb859,213.0947271984552,0.32512,False,11277.6,11338.56,4420.0,CR,5
0 days 01:13:50.000000000,4bb859,212.26597809770385,0.32512,False,11277.6,11338.56,4430.0,CR,5
0 days 01:14:00.000000000,4bb859,212.98540770920448,0.0,False,11277.6,11338.56,4440.0,CR,5
0 days 01:14:10.000000000,4bb859,214.11873704967024,0.0,False,11277.6,11338.56,4450.0,CR,5
0 days 01:14:20.000000000,4bb859,215.2522467727734,0.0,False,11277.6,11338.56,4460.0,CR,5
0 days 01:14:30.000000000,4bb859,215.66680380947304,-0.32512,False,11277.6,11338.56,4470.0,CR,5
0 days 01:14:40.000000000,4bb859,214.22871358371185,0.0,False,11277.6,11338.56,4480.0,CR,5
0 days 01:14:50.000000000,4bb859,212.79085418348342,0.0,False,11277.6,11338.56,4490.0,CR,5
0 days 01:15:00.000000000,4bb859,212.79085418348342,0.0,False,11277.6,11338.56,4500.0,CR,5
0 days 01:15:10.000000000,4bb859,212.3756679106691,0.0,False,11277.6,11338.56,4510.0,CR,5
0 days 01:15:20.000000000,4bb859,212.26597809770385,0.32512,False,11277.6,11338.56,4520.0,CR,5
0 days 01:15:30.000000000,4bb859,212.26597809770385,0.0,False,11277.6,11338.56,4530.0,CR,5
0 days 01:15:40.000000000,4bb859,212.87851851430358,0.0,False,11277.6,11338.56,4540.0,CR,5
0 days 01:15:50.000000000,4bb859,213.2914851634264,0.0,False,11277.6,11338.56,4550.0,CR,5
0 days 01:16:00.000000000,4bb859,214.4244309941573,0.0,False,11277.6,11338.56,4560.0,CR,5
0 days 01:16:10.000000000,4bb859,215.557560984085,-0.32512,False,11277.6,11338.56,4570.0,CR,5
0 days 01:16:20.000000000,4bb859,215.97153197140202,0.0,False,11277.6,11338.56,4580.0,CR,5
0 days 01:16:30.000000000,4bb859,216.08179029089612,0.0,False,11277.6,11338.56,4590.0,CR,5
0 days 01:16:40.000000000,4bb859,216.08179029089612,0.0,False,11277.6,11338.56,4600.0,CR,5
0 days 01:16:50.000000000,4bb859,216.38593404378068,0.0,False,11277.6,11346.18,4610.0,CR,5
0 days 01:17:00.000000000,4bb859,217.1051202738471,0.0,False,11277.6,11346.18,4620.0,CR,5
0 days 01:17:10.000000000,4bb859,218.1297158326113,0.0,False,11277.6,11346.18,4630.0,CR,5
0 days 01:17:20.000000000,4bb859,218.8492180763489,0.0,False,11277.6,11346.18,4640.0,CR,5
0 days 01:17:30.000000000,4bb859,219.5687732501128,0.0,False,11277.6,11346.18,4650.0,CR,5
0 days 01:17:40.000000000,4bb859,219.87531551947723,0.0,False,11277.6,11346.18,4660.0,CR,5
0 days 01:17:50.000000000,4bb859,219.87531551947723,0.0,False,11277.6,11346.18,4670.0,CR,5
0 days 01:18:00.000000000,4bb859,220.18263298516112,0.0,False,11277.6,11346.18,4680.0,CR,5
0 days 01:18:10.000000000,4bb859,220.90263697665847,0.0,False,11277.6,11353.8,4690.0,CR,5
0 days 01:18:20.000000000,4bb859,220.4907224057849,0.0,False,11277.6,11346.18,4700.0,CR,5
0 days 01:18:30.000000000,4bb859,220.90263697665847,-0.32512,False,11277.6,11353.8,4710.0,CR,5
0 days 01:18:40.000000000,4bb859,221.21092000000002,0.32512,False,11277.6,11346.18,4720.0,CR,5
0 days 01:18:50.000000000,4bb859,221.62269014864228,0.0,False,11277.6,11353.8,4730.0,CR,5
0 days 01:19:00.000000000,4bb859,221.93116544997554,0.0,False,11277.6,11353.8,4740.0,CR,5
0 days 01:19:10.000000000,4bb859,221.62269014864228,-0.32512,False,11277.6,11353.8,4750.0,CR,5
0 days 01:19:20.000000000,4bb859,222.65145829129207,0.32512,False,11277.6,11353.8,4760.0,CR,5
0 days 01:19:30.000000000,4bb859,223.47485256395126,-0.6502399999999999,False,11277.6,11353.8,4770.0,CR,5
0 days 01:19:40.000000000,4bb859,222.75484604539727,0.32512,False,11277.6,11353.8,4780.0,CR,5
0 days 01:19:50.000000000,4bb859,223.47485256395126,-0.32512,False,11277.6,11353.8,4790.0,CR,5
0 days 01:20:00.000000000,4bb859,223.47485256395126,-0.32512,False,11277.6,11353.8,4800.0,CR,5
0 days 01:20:10.000000000,4bb859,223.3717980654901,0.32512,False,11277.6,11361.42,4810.0,CR,5
0 days 01:20:20.000000000,4bb859,221.93116544997554,0.32512,False,11277.6,11353.8,4820.0,CR,5
0 days 01:20:30.000000000,4bb859,222.0348885996389,0.0,False,11277.6,11361.42,4830.0,CR,5
0 days 01:20:40.000000000,4bb859,222.34279202330217,0.0,False,11277.6,11361.42,4840.0,CR,5
0 days 01:20:50.000000000,4bb859,222.65145829129207,-0.32512,False,11277.6,11361.42,4850.0,CR,5
0 days 01:21:00.000000000,4bb859,221.93116544997554,0.32512,False,11277.6,11361.42,4860.0,CR,5
0 days 01:21:10.000000000,4bb859,222.5504008809821,0.0,False,11277.6,11361.42,4870.0,CR,5
0 days 01:21:20.000000000,4bb859,222.86115466209893,0.0,False,11277.6,11361.42,4880.0,CR,5
0 days 01:21:30.000000000,4bb859,222.9608842353717,-0.32512,False,11277.6,11361.42,4890.0,CR,5
0 days 01:21:40.000000000,4bb859,222.9608842353717,0.32512,False,11277.6,11361.42,4900.0,CR,5
0 days 01:21:50.000000000,4bb859,223.3717980654901,-0.32512,False,11277.6,11361.42,4910.0,CR,5
0 days 01:22:00.000000000,4bb859,223.3717980654901,0.0,False,11277.6,11361.42,4920.0,CR,5
0 days 01:22:10.000000000,4bb859,223.68141070739028,0.0,False,11277.6,11361.42,4930.0,CR,5
0 days 01:22:20.000000000,4bb859,224.71253111286163,-0.32512,False,11277.6,11361.42,4940.0,CR,5
0 days 01:22:30.000000000,4bb859,224.71253111286163,0.0,False,11277.6,11369.04,4950.0,CR,5
0 days 01:22:40.000000000,4bb859,224.40198239675632,0.0,False,11277.6,11369.04,4960.0,CR,5
0 days 01:22:50.000000000,4bb859,223.27106669709124,0.0,False,11277.6,11369.04,4970.0,CR,5
0 days 01:23:00.000000000,4bb859,222.5504008809821,0.32512,False,11277.6,11369.04,4980.0,CR,5
0 days 01:23:10.000000000,4bb859,222.65145829129207,-0.32512,False,11277.6,11369.04,4990.0,CR,5
0 days 01:23:20.000000000,4bb859,222.34279202330217,0.0,False,11277.6,11369.04,5000.0,CR,5
0 days 01:23:30.000000000,4bb859,221.93116544997554,0.0,False,11277.6,11369.04,5010.0,CR,5
0 days 01:23:40.000000000,4bb859,221.51996870826284,0.0,False,11277.6,11376.66,5020.0,CR,5
0 days 01:23:50.000000000,4bb859,221.41959013333684,0.0,False,11277.6,11376.66,5030.0,CR,5
0 days 01:24:00.000000000,4bb859,222.04263608512852,0.0,False,11277.6,11369.04,5040.0,CR,5
0 days 01:24:10.000000000,4bb859,223.0765858661557,0.0,False,11277.6,11369.04,5050.0,CR,5
0 days 01:24:20.000000000,4bb859,223.8936885888212,-0.32512,False,11277.6,11376.66,5060.0,CR,5
0 days 01:24:30.000000000,4bb859,223.4849185586693,0.32512,False,11277.6,11369.04,5070.0,CR,5
0 days 01:24:40.000000000,4bb859,223.4849185586693,0.0,False,11277.6,11376.66,5080.0,CR,5
0 days 01:24:50.000000000,4bb859,224.2061217512157,0.0,False,11277.6,11376.66,5090.0,CR,5
0 days 01:25:00.000000000,4bb859,225.33586804153697,0.0,False,11277.6,11376.66,5100.0,CR,5
0 days 01:25:10.000000000,4bb859,226.05701970934288,0.0,False,11277.6,11376.66,5110.0,CR,5
0 days 01:25:20.000000000,4bb859,226.15416975219986,0.0,False,11277.6,11376.66,5120.0,CR,5
0 days 01:25:30.000000000,4bb859,226.46582158823944,0.0,False,11277.6,11376.66,5130.0,CR,5
0 days 01:25:40.000000000,4bb859,226.05701970934288,0.0,False,11277.6,11376.66,5140.0,CR,5
0 days 01:25:50.000000000,4bb859,225.74480350285089,0.0,False,11277.6,11376.66,5150.0,CR,5
0 days 01:26:00.000000000,4bb859,224.9273657178767,0.32512,False,11277.6,11376.66,5160.0,CR,5
0 days 01:26:10.000000000,4bb859,224.2061217512157,0.0,False,11277.6,11376.66,5170.0,CR,5
0 days 01:26:20.000000000,4bb859,224.2061217512157,0.0,False,11277.6,11376.66,5180.0,CR,5
0 days 01:26:30.000000000,4bb859,225.55480233570893,0.0,False,11277.6,11384.28,5190.0,CR,5
0 days 01:26:40.000000000,4bb859,226.9980870963637,0.0,False,11277.6,11384.28,5200.0,CR,5
0 days 01:26:50.000000000,4bb859,227.81274158000642,0.0,False,11277.6,11384.28,5210.0,CR,5
0 days 01:27:00.000000000,4bb859,228.62912353421254,0.0,False,11277.6,11384.28,5220.0,CR,5
0 days 01:27:10.000000000,4bb859,227.4051972431026,0.0,False,11277.6,11384.28,5230.0,CR,5
0 days 01:27:20.000000000,4bb859,225.93640193264167,0.0,False,11277.6,11384.28,5240.0,CR,5
0 days 01:27:30.000000000,4bb859,224.7596357210958,0.0,False,11277.6,11384.28,5250.0,CR,5
0 days 01:27:40.000000000,4bb859,225.278311136198,0.32512,False,11277.6,11391.9,5260.0,CR,5
0 days 01:27:50.000000000,4bb859,225.57357500565757,-0.32512,False,11277.6,11391.9,5270.0,CR,5
0 days 01:28:00.000000000,4bb859,226.2998166171632,0.0,False,11277.6,11391.9,5280.0,CR,5
0 days 01:28:10.000000000,4bb859,227.07036017812013,0.0,False,11277.6,11384.28,5290.0,CR,5
0 days 01:28:20.000000000,4bb859,227.84294407094072,0.0,False,11277.6,11391.9,5300.0,CR,5
0 days 01:28:30.000000000,4bb859,228.22999466885932,0.0,False,11277.6,11391.9,5310.0,CR,5
0 days 01:28:40.000000000,4bb859,228.61754761050065,0.6502399999999999,False,11285.22,11399.52,5320.0,CR,5
0 days 01:28:50.000000000,4bb859,228.27985148202026,0.32512,False,11285.22,11399.52,5330.0,CR,5
0 days 01:29:00.000000000,4bb859,227.9428161077361,-0.6502399999999999,False,11285.22,11407.14,5340.0,CR,5
0 days 01:29:10.000000000,4bb859,226.1553399802116,-0.6502399999999999,False,11285.22,11407.14,5350.0,CR,5
0 days 01:29:20.000000000,4bb859,223.6435461348784,0.0,False,11277.6,11399.52,5360.0,CR,5
0 days 01:29:30.000000000,4bb859,223.1999348309955,0.32512,False,11277.6,11399.52,5370.0,CR,5
0 days 01:29:40.000000000,4bb859,223.53701763810622,-0.32512,False,11277.6,11399.52,5380.0,CR,5
0 days 01:29:50.000000000,4bb859,224.2627737345591,0.0,False,11277.6,11399.52,5390.0,CR,5
0 days 01:30:00.000000000,4bb859,224.988541313138,0.0,False,11277.6,11399.52,5400.0,CR,5
0 days 01:30:10.000000000,4bb859,225.71432026308318,0.0,False,11277.6,11399.52,5410.0,CR,5
0 days 01:30:20.000000000,4bb859,227.21716689978214,0.0,False,11277.6,11399.52,5420.0,CR,5
0 days 01:30:30.000000000,4bb859,227.9428161077361,0.0,False,11277.6,11407.14,5430.0,CR,5
0 days 01:30:40.000000000,4bb859,229.0575991453067,0.32512,False,11277.6,11407.14,5440.0,CR,5
0 days 01:30:50.000000000,4bb859,230.84553156805438,0.0,False,11277.6,11407.14,5450.0,CR,5
0 days 01:31:00.000000000,4bb859,231.96005565425187,-0.32512,False,11277.6,11407.14,5460.0,CR,5
0 days 01:31:10.000000000,4bb859,231.62380495225983,0.32512,False,11277.6,11407.14,5470.0,CR,5
0 days 01:31:20.000000000,4bb859,231.62380495225983,0.0,False,11277.6,11407.14,5480.0,CR,5
0 days 01:31:30.000000000,4bb859,231.57123953263715,-0.32512,False,11277.6,11414.76,5490.0,CR,5
0 days 01:31:40.000000000,4bb859,231.1829142551384,0.0,False,11277.6,11414.76,5500.0,CR,5
0 days 01:31:50.000000000,4bb859,230.7950822993713,0.32512,False,11277.6,11414.76,5510.0,CR,5
0 days 01:32:00.000000000,4bb859,230.7950822993713,0.0,False,11277.6,11414.76,5520.0,CR,5
0 days 01:32:10.000000000,4bb859,231.52094839845063,-0.32512,False,11277.6,11414.76,5530.0,CR,5
0 days 01:32:20.000000000,4bb859,232.2468249332572,0.0,False,11277.6,11414.76,5540.0,CR,5
0 days 01:32:30.000000000,4bb859,232.58558856024368,0.0,False,11277.6,11414.76,5550.0,CR,5
0 days 01:32:40.000000000,4bb859,232.97271180624688,0.0,False,11277.6,11414.76,5560.0,CR,5
0 days 01:32:50.000000000,4bb859,232.97271180624688,0.0,False,11277.6,11414.76,5570.0,CR,5
0 days 01:33:00.000000000,4bb859,232.63451191089558,0.0,False,11277.6,11422.38,5580.0,CR,5
0 days 01:33:10.000000000,4bb859,232.63451191089558,0.0,False,11277.6,11422.38,5590.0,CR,5
0 days 01:33:20.000000000,4bb859,232.2468249332572,0.0,False,11277.6,11422.38,5600.0,CR,5
0 days 01:33:30.000000000,4bb859,231.8596311486665,0.32512,False,11277.6,11422.38,5610.0,CR,5
0 days 01:33:40.000000000,4bb859,231.8596311486665,0.0,False,11277.6,11430.000000000002,5620.0,CR,5
0 days 01:33:50.000000000,4bb859,231.47293303207317,-0.32512,False,11277.6,11422.38,5630.0,CR,5
0 days 01:34:00.000000000,4bb859,231.1336836495126,0.0,False,11277.6,11422.38,5640.0,CR,5
0 days 01:34:10.000000000,4bb859,231.47293303207317,0.0,False,11277.6,11422.38,5650.0,CR,5
0 days 01:34:20.000000000,4bb859,231.81282760193955,0.0,False,11277.6,11422.38,5660.0,CR,5
0 days 01:34:30.000000000,4bb859,232.19895966763417,0.0,False,11277.6,11430.0,5670.0,CR,5
0 days 01:34:40.000000000,4bb859,232.92499570786543,0.0,False,11277.6,11430.0,5680.0,CR,5
0 days 01:34:50.000000000,4bb859,233.31155579171542,0.0,False,11277.6,11430.0,5690.0,CR,5
0 days 01:35:00.000000000,4bb859,232.92499570786543,0.0,False,11277.6,11430.0,5700.0,CR,5
0 days 01:35:10.000000000,4bb859,232.2468249332572,0.0,False,11277.6,11430.0,5710.0,CR,5
0 days 01:35:20.000000000,4bb859,231.81282760193955,0.0,False,11277.6,11430.0,5720.0,CR,5
0 days 01:35:30.000000000,4bb859,232.15336452526526,0.0,False,11277.6,11430.0,5730.0,CR,5
0 days 01:35:40.000000000,4bb859,232.87954271506598,0.0,False,11277.6,11430.0,5740.0,CR,5
0 days 01:35:50.000000000,4bb859,233.60572933999782,0.0,False,11277.6,11437.62,5750.0,CR,5
0 days 01:36:00.000000000,4bb859,233.60572933999782,0.0,False,11277.6,11437.62,5760.0,CR,5
0 days 01:36:10.000000000,4bb859,233.60572933999782,0.32512,False,11277.6,11437.62,5770.0,CR,5
0 days 01:36:20.000000000,4bb859,233.9911648351577,0.0,False,11277.6,11437.62,5780.0,CR,5
0 days 01:36:30.000000000,4bb859,233.9911648351577,0.0,False,11277.6,11437.62,5790.0,CR,5
0 days 01:36:40.000000000,4bb859,233.60572933999782,0.0,False,11277.6,11437.62,5800.0,CR,5
0 days 01:36:50.000000000,4bb859,232.87954271506598,0.0,False,11277.6,11437.62,5810.0,CR,5
0 days 01:37:00.000000000,4bb859,232.49454097946727,0.0,False,11277.6,11437.62,5820.0,CR,5
0 days 01:37:10.000000000,4bb859,232.15336452526526,0.0,False,11277.6,11437.62,5830.0,CR,5
0 days 01:37:20.000000000,4bb859,231.4271948499997,0.0,False,11277.6,11445.24,5840.0,CR,5
0 days 01:37:30.000000000,4bb859,231.4271948499997,0.0,False,11277.6,11445.24,5850.0,CR,5
0 days 01:37:40.000000000,4bb859,230.31583764093392,0.0,False,11277.6,11445.24,5860.0,CR,5
0 days 01:37:50.000000000,4bb859,229.9311472144499,0.0,False,11277.6,11445.24,5870.0,CR,5
0 days 01:38:00.000000000,4bb859,230.61612778225887,0.0,False,11277.6,11445.24,5880.0,CR,5
0 days 01:38:10.000000000,4bb859,231.68606811187058,-0.32512,False,11277.6,11445.24,5890.0,CR,5
0 days 01:38:20.000000000,4bb859,232.79543128263091,-0.32512,False,11277.6,11445.24,5900.0,CR,5
0 days 01:38:30.000000000,4bb859,233.17880124645316,0.0,False,11277.6,11452.86,5910.0,CR,5
0 days 01:38:40.000000000,4bb859,233.9470502396672,0.0,False,11277.6,11445.24,5920.0,CR,5
0 days 01:38:50.000000000,4bb859,235.01533937765805,0.0,False,11277.6,11452.86,5930.0,CR,5
0 days 01:39:00.000000000,4bb859,235.39959109670448,0.0,False,11277.6,11452.86,5940.0,CR,5
0 days 01:39:10.000000000,4bb859,235.39959109670448,0.0,False,11277.6,11452.86,5950.0,CR,5
0 days 01:39:20.000000000,4bb859,235.74168265209167,0.0,False,11277.6,11452.86,5960.0,CR,5
0 days 01:39:30.000000000,4bb859,236.46803324551036,0.0,False,11277.6,11452.86,5970.0,CR,5
0 days 01:39:40.000000000,4bb859,236.12587319181614,-0.32512,False,11277.6,11452.86,5980.0,CR,5
0 days 01:39:50.000000000,4bb859,235.78433904620098,0.0,False,11277.6,11452.86,5990.0,CR,5
0 days 01:40:00.000000000,4bb859,234.67331675525074,0.32512,False,11277.6,11460.48,6000.0,CR,5
0 days 01:40:10.000000000,4bb859,234.67331675525074,0.0,False,11277.6,11460.48,6010.0,CR,5
0 days 01:40:20.000000000,4bb859,235.3579894414881,0.0,False,11277.6,11460.48,6020.0,CR,5
0 days 01:40:30.000000000,4bb859,235.3186297552748,-0.32512,False,11277.6,11460.48,6030.0,CR,5
0 days 01:40:40.000000000,4bb859,235.66308487236702,0.0,False,11277.6,11460.48,6040.0,CR,5
0 days 01:40:50.000000000,4bb859,236.38967697198777,0.0,False,11277.6,11460.48,6050.0,CR,5
0 days 01:41:00.000000000,4bb859,235.7012642103172,0.0,False,11277.6,11460.48,6060.0,CR,5
0 days 01:41:10.000000000,4bb859,235.3579894414881,0.0,False,11277.6,11460.48,6070.0,CR,5
0 days 01:41:20.000000000,4bb859,234.97479599628983,0.0,False,11277.6,11460.48,6080.0,CR,5
0 days 01:41:30.000000000,4bb859,235.3186297552748,0.0,False,11277.6,11468.1,6090.0,CR,5
0 days 01:41:40.000000000,4bb859,236.04516095866504,0.0,False,11277.6,11468.1,6100.0,CR,5
0 days 01:41:50.000000000,4bb859,236.04516095866504,-0.32512,False,11277.6,11468.1,6110.0,CR,5
0 days 01:42:00.000000000,4bb859,234.97479599628983,0.0,False,11277.6,11468.1,6120.0,CR,5
0 days 01:42:10.000000000,4bb859,233.86558604729717,0.32512,False,11277.6,11468.1,6130.0,CR,5
0 days 01:42:20.000000000,4bb859,233.48334375834813,0.0,False,11277.6,11468.1,6140.0,CR,5
0 days 01:42:30.000000000,4bb859,234.17375604479008,0.0,False,11277.6,11468.1,6150.0,CR,5
0 days 01:42:40.000000000,4bb859,235.246640727069,0.0,False,11277.6,11475.72,6160.0,CR,5
0 days 01:42:50.000000000,4bb859,235.97339357536202,0.0,False,11277.6,11475.72,6170.0,CR,5
0 days 01:43:00.000000000,4bb859,235.62714572666653,0.0,False,11277.6,11475.72,6180.0,CR,5
0 days 01:43:10.000000000,4bb859,235.28151316322564,0.0,False,11277.6,11475.72,6190.0,CR,5
0 days 01:43:20.000000000,4bb859,233.48334375834813,0.0,False,11277.6,11475.72,6200.0,CR,5
0 days 01:43:30.000000000,4bb859,232.75677529834635,0.32512,False,11277.6,11475.72,6210.0,CR,5
0 days 01:43:40.000000000,4bb859,232.75677529834635,0.0,False,11277.6,11475.72,6220.0,CR,5
0 days 01:43:50.000000000,4bb859,233.1016100184004,-0.32512,False,11277.6,11475.72,6230.0,CR,5
0 days 01:44:00.000000000,4bb859,233.48334375834813,-0.32512,False,11277.6,11475.72,6240.0,CR,5
0 days 01:44:10.000000000,4bb859,233.13907365925044,0.0,False,11277.6,11475.72,6250.0,CR,5
0 days 01:44:20.000000000,4bb859,233.48334375834813,0.32512,False,11277.6,11483.34,6260.0,CR,5
0 days 01:44:30.000000000,4bb859,233.82823880729802,0.0,False,11277.6,11483.34,6270.0,CR,5
0 days 01:44:40.000000000,4bb859,233.82823880729802,-0.32512,False,11277.6,11483.34,6280.0,CR,5
0 days 01:44:50.000000000,4bb859,233.79314960177157,0.0,False,11277.6,11483.34,6290.0,CR,5
0 days 01:45:00.000000000,4bb859,233.06641141563927,0.0,False,11277.6,11483.34,6300.0,CR,5
0 days 01:45:10.000000000,4bb859,231.9937109583849,0.0,False,11277.6,11490.96,6310.0,CR,5
0 days 01:45:20.000000000,4bb859,231.2670399775585,0.0,False,11277.6,11490.96,6320.0,CR,5
0 days 01:45:30.000000000,4bb859,231.23270664469916,0.32512,False,11277.6,11490.96,6330.0,CR,5
0 days 01:45:40.000000000,4bb859,232.6862684415908,0.0,False,11277.6,11490.96,6340.0,CR,5
0 days 01:45:50.000000000,4bb859,233.7603194475625,-0.32512,False,11277.6,11490.96,6350.0,CR,5
0 days 01:46:00.000000000,4bb859,234.4871643167177,0.0,False,11277.6,11490.96,6360.0,CR,5
0 days 01:46:10.000000000,4bb859,234.13984894156042,0.0,False,11277.6,11490.96,6370.0,CR,5
0 days 01:46:20.000000000,4bb859,234.13984894156042,0.0,False,11277.6,11498.58,6380.0,CR,5
0 days 01:46:30.000000000,4bb859,234.13984894156042,0.0,False,11277.6,11498.58,6390.0,CR,5
0 days 01:46:40.000000000,4bb859,233.79314960177157,0.0,False,11277.6,11498.58,6400.0,CR,5
0 days 01:46:50.000000000,4bb859,233.7603194475625,-0.32512,False,11277.6,11498.58,6410.0,CR,5
0 days 01:47:00.000000000,4bb859,232.6862684415908,0.0,False,11277.6,11506.2,6420.0,CR,5
0 days 01:47:10.000000000,4bb859,229.7791639058275,0.32512,False,11277.6,11506.2,6430.0,CR,5
0 days 01:47:20.000000000,4bb859,226.8721370673688,-0.32512,False,11285.22,11513.820000000005,6440.0,CR,5
0 days 01:47:30.000000000,4bb859,225.76531875060107,0.0,False,11277.6,11506.2,6450.0,CR,5
0 days 01:47:40.000000000,4bb859,226.11262273397773,-0.32512,False,11277.6,11506.2,6460.0,CR,5
0 days 01:47:50.000000000,4bb859,226.80913582474645,0.97536,False,11277.6,11506.2,6470.0,CR,5
0 days 01:48:00.000000000,4bb859,227.53608631320444,-0.6502399999999999,False,11277.6,11506.2,6480.0,CR,5
0 days 01:48:10.000000000,4bb859,226.83947194058484,0.32512,False,11277.6,11513.82,6490.0,CR,5
0 days 01:48:20.000000000,4bb859,226.11262273397773,0.0,False,11277.6,11506.2,6500.0,CR,5
0 days 01:48:30.000000000,4bb859,224.65893761410305,-0.32512,False,11277.6,11513.82,6510.0,CR,5
0 days 01:48:40.000000000,4bb859,224.65893761410305,0.32512,False,11277.6,11513.82,6520.0,CR,5
0 days 01:48:50.000000000,4bb859,224.2798845401945,-0.32512,False,11277.6,11513.82,6530.0,CR,5
0 days 01:49:00.000000000,4bb859,223.17444039474543,0.0,False,11277.6,11513.82,6540.0,CR,5
0 days 01:49:10.000000000,4bb859,222.79642528718486,0.0,False,11277.6,11513.82,6550.0,CR,5
0 days 01:49:20.000000000,4bb859,222.0694522169674,0.0,False,11277.6,11513.82,6560.0,CR,5
0 days 01:49:30.000000000,4bb859,221.3424828306946,0.0,False,11277.6,11513.82,6570.0,CR,5
0 days 01:49:40.000000000,4bb859,220.61551716478425,0.0,False,11277.6,11513.82,6580.0,CR,5
0 days 01:49:50.000000000,4bb859,220.23791660420025,0.0,False,11277.6,11513.82,6590.0,CR,5
0 days 01:50:00.000000000,4bb859,219.88855525613576,0.0,False,11277.6,11513.82,6600.0,CR,5
0 days 01:50:10.000000000,4bb859,219.88855525613576,0.0,False,11277.6,11513.82,6610.0,CR,5
0 days 01:50:20.000000000,4bb859,220.2667547233517,0.0,False,11277.6,11521.44,6620.0,CR,5
0 days 01:50:30.000000000,4bb859,220.61551716478425,0.0,False,11277.6,11521.44,6630.0,CR,5
0 days 01:50:40.000000000,4bb859,220.99367009683792,0.0,False,11277.6,11521.44,6640.0,CR,5
0 days 01:50:50.000000000,4bb859,220.61551716478425,0.0,False,11277.6,11521.44,6650.0,CR,5
0 days 01:51:00.000000000,4bb859,220.61551716478425,0.0,False,11277.6,11521.44,6660.0,CR,5
0 days 01:51:10.000000000,4bb859,221.3424828306946,0.0,False,11277.6,11521.44,6670.0,CR,5
0 days 01:51:20.000000000,4bb859,221.69194052491142,0.0,False,11277.6,11521.44,6680.0,CR,5
0 days 01:51:30.000000000,4bb859,222.41895760309367,0.0,False,11277.6,11521.44,6690.0,CR,5
0 days 01:51:40.000000000,4bb859,222.41895760309367,0.0,False,11277.6,11529.06,6700.0,CR,5
0 days 01:51:50.000000000,4bb859,223.14597804869632,0.0,False,11277.6,11529.06,6710.0,CR,5
0 days 01:52:00.000000000,4bb859,223.4961682515578,0.0,False,11277.6,11529.06,6720.0,CR,5
0 days 01:52:10.000000000,4bb859,223.4961682515578,0.0,False,11277.6,11529.06,6730.0,CR,5
0 days 01:52:20.000000000,4bb859,223.14597804869632,0.0,False,11277.6,11529.06,6740.0,CR,5
0 days 01:52:30.000000000,4bb859,223.14597804869632,0.0,False,11277.6,11529.06,6750.0,CR,5
0 days 01:52:40.000000000,4bb859,223.87300182891246,0.0,False,11277.6,11536.68,6760.0,CR,5
0 days 01:52:50.000000000,4bb859,224.95030851572474,0.0,False,11277.6,11536.68,6770.0,CR,5
0 days 01:53:00.000000000,4bb859,224.95030851572474,0.0,False,11277.6,11536.68,6780.0,CR,5
0 days 01:53:10.000000000,4bb859,225.67738312952432,0.0,False,11277.6,11536.68,6790.0,CR,5
0 days 01:53:20.000000000,4bb859,225.67738312952432,0.0,False,11277.6,11536.68,6800.0,CR,5
0 days 01:53:30.000000000,4bb859,224.2232368800476,0.0,False,11277.6,11536.68,6810.0,CR,5
0 days 01:53:40.000000000,4bb859,223.14597804869632,0.0,False,11277.6,11536.68,6820.0,CR,5
0 days 01:53:50.000000000,4bb859,222.7691026596999,0.0,False,11277.6,11544.3,6830.0,CR,5
0 days 01:54:00.000000000,4bb859,222.3927786272855,0.0,False,11277.6,11544.3,6840.0,CR,5
0 days 01:54:10.000000000,4bb859,222.74415298585097,0.0,False,11277.6,11544.3,6850.0,CR,5
0 days 01:54:20.000000000,4bb859,223.47129975167942,-0.32512,False,11277.6,11544.3,6860.0,CR,5
0 days 01:54:30.000000000,4bb859,225.5424819218961,0.0,False,11277.6,11544.3,6870.0,CR,5
0 days 01:54:40.000000000,4bb859,230.45540925985023,0.0,False,11277.6,11544.3,6880.0,CR,5
0 days 01:54:50.000000000,4bb859,234.75450065015968,0.32512,False,11277.6,11551.92,6890.0,CR,5
0 days 01:55:00.000000000,4bb859,234.64624921509343,0.0,False,11277.6,11551.92,6900.0,CR,5
0 days 01:55:10.000000000,4bb859,234.19635805300288,0.0,False,11277.6,11551.92,6910.0,CR,5
0 days 01:55:20.000000000,4bb859,233.99738545512523,0.0,False,11277.6,11551.92,6920.0,CR,5
0 days 01:55:30.000000000,4bb859,234.05336359496934,0.0,False,11277.6,11551.92,6930.0,CR,5
0 days 01:55:40.000000000,4bb859,234.30707637756268,0.0,False,11277.6,11551.92,6940.0,CR,5
0 days 01:55:50.000000000,4bb859,234.37088511095692,0.0,False,11277.6,11559.54,6950.0,CR,5
0 days 01:56:00.000000000,4bb859,234.37088511095692,0.0,False,11277.6,11559.54,6960.0,CR,5
0 days 01:56:10.000000000,4bb859,234.62763846987468,0.0,False,11277.6,11559.54,6970.0,CR,5
0 days 01:56:20.000000000,4bb859,235.07332678038318,0.0,False,11277.6,11559.54,6980.0,CR,5
0 days 01:56:30.000000000,4bb859,235.5192953846917,0.0,False,11277.6,11567.16,6990.0,CR,5
0 days 01:56:40.000000000,4bb859,235.5192953846917,0.0,False,11277.6,11567.16,7000.0,CR,5
0 days 01:56:50.000000000,4bb859,236.2216831499173,0.0,False,11277.6,11582.4,7010.0,CR,5
0 days 01:57:00.000000000,4bb859,236.2216831499173,0.0,False,11277.6,11582.4,7020.0,CR,5
0 days 01:57:10.000000000,4bb859,236.2216831499173,-0.32512,False,11277.6,11582.4,7030.0,CR,5
0 days 01:57:20.000000000,4bb859,235.07332678038318,0.32512,False,11277.6,11582.4,7040.0,CR,5
0 days 01:57:30.000000000,4bb859,235.07332678038318,0.32512,False,11277.6,11590.02,7050.0,CR,5
0 days 01:57:40.000000000,4bb859,235.7759206323173,0.0,False,11277.6,11590.02,7060.0,CR,5
0 days 01:57:50.000000000,4bb859,235.7759206323173,0.0,False,11277.6,11590.02,7070.0,CR,5
0 days 01:58:00.000000000,4bb859,235.7759206323173,0.0,False,11277.6,11590.02,7080.0,CR,5
0 days 01:58:10.000000000,4bb859,235.33043835235586,0.0,False,11277.6,11590.02,7090.0,CR,5
0 days 01:58:20.000000000,4bb859,235.33043835235586,0.0,False,11277.6,11590.02,7100.0,CR,5
0 days 01:58:30.000000000,4bb859,235.58839269345455,0.0,False,11277.6,11590.02,7110.0,CR,5
0 days 01:58:40.000000000,4bb859,235.58839269345455,0.0,False,11277.6,11590.02,7120.0,CR,5
0 days 01:58:50.000000000,4bb859,235.58839269345455,0.0,False,11277.6,11597.64,7130.0,CR,5
0 days 01:59:00.000000000,4bb859,235.33043835235586,0.0,False,11277.6,11597.64,7140.0,CR,5
0 days 01:59:10.000000000,4bb859,234.88523790452518,0.0,False,11277.6,11597.64,7150.0,CR,5
0 days 01:59:20.000000000,4bb859,234.1822320535056,0.32512,False,11277.6,11597.64,7160.0,CR,5
0 days 01:59:30.000000000,4bb859,234.1822320535056,0.0,False,11277.6,11597.64,7170.0,CR,5
0 days 01:59:40.000000000,4bb859,234.88523790452518,0.0,False,11277.6,11597.64,7180.0,CR,5
0 days 02:00:00.000000000,4bb859,235.847187038381,0.0,False,11277.6,11605.26,7200.0,CR,5
0 days 02:00:10.000000000,4bb859,235.847187038381,0.0,False,11277.6,11597.64,7210.0,CR,5
0 days 02:00:20.000000000,4bb859,235.847187038381,0.0,False,11277.6,11597.64,7220.0,CR,5
0 days 02:00:30.000000000,4bb859,236.29169509066952,0.0,False,11277.6,11605.26,7230.0,CR,5
0 days 02:00:40.000000000,4bb859,236.99514378205097,0.0,False,11277.6,11605.26,7240.0,CR,5
0 days 02:00:50.000000000,4bb859,237.4397319778145,0.0,False,11277.6,11605.26,7250.0,CR,5
0 days 02:01:00.000000000,4bb859,237.4397319778145,-0.32512,False,11277.6,11605.26,7260.0,CR,5
0 days 02:01:10.000000000,4bb859,236.99514378205097,0.0,False,11277.6,11605.26,7270.0,CR,5
0 days 02:01:20.000000000,4bb859,236.99514378205097,0.0,False,11277.6,11605.26,7280.0,CR,5
0 days 02:01:30.000000000,4bb859,236.55083879815743,0.32512,False,11277.6,11612.88,7290.0,CR,5
0 days 02:01:40.000000000,4bb859,236.10681862497543,0.0,False,11277.6,11612.88,7300.0,CR,5
0 days 02:01:50.000000000,4bb859,236.8108164942221,0.0,False,11277.6,11612.88,7310.000000000001,CR,5
0 days 02:02:00.000000000,4bb859,237.07162543515545,0.0,False,11277.6,11612.88,7320.000000000001,CR,5
0 days 02:02:10.000000000,4bb859,237.51495621671864,0.0,False,11285.22,11612.88,7330.000000000001,CR,5
0 days 02:02:20.000000000,4bb859,237.51495621671864,-0.32512,False,11277.6,11612.88,7340.000000000001,CR,5
0 days 02:02:30.000000000,4bb859,237.51495621671864,0.0,False,11277.6,11612.88,7350.000000000001,CR,5
0 days 02:02:40.000000000,4bb859,237.51495621671864,0.0,False,11277.6,11612.88,7360.000000000001,CR,5
0 days 02:02:50.000000000,4bb859,237.51495621671864,0.0,False,11277.6,11612.88,7370.000000000001,CR,5
0 days 02:03:00.000000000,4bb859,237.51495621671864,0.0,False,11277.6,11612.88,7380.000000000001,CR,5
0 days 02:03:10.000000000,4bb859,237.51495621671864,0.0,False,11277.6,11612.88,7390.000000000001,CR,5
0 days 02:03:20.000000000,4bb859,237.07162543515545,0.32512,False,11277.6,11612.88,7400.000000000001,CR,5
0 days 02:03:30.000000000,4bb859,236.628582490708,0.32512,False,11277.6,11620.5,7410.000000000001,CR,5
0 days 02:03:40.000000000,4bb859,235.48108654352768,0.0,False,11277.6,11620.5,7420.000000000001,CR,5
0 days 02:03:50.000000000,4bb859,235.7433666034464,0.0,False,11277.6,11620.5,7430.000000000001,CR,5
0 days 02:04:00.000000000,4bb859,236.448446611476,0.0,False,11277.6,11620.5,7440.000000000001,CR,5
0 days 02:04:10.000000000,4bb859,236.1858290031712,0.0,False,11277.6,11620.5,7450.000000000001,CR,5
0 days 02:04:20.000000000,4bb859,237.33326288055667,0.0,False,11277.6,11620.5,7460.000000000001,CR,5
0 days 02:04:30.000000000,4bb859,237.59572609340952,-0.32512,False,11277.6,11620.5,7470.000000000001,CR,5
0 days 02:04:40.000000000,4bb859,237.59572609340952,-0.32512,False,11277.6,11620.5,7480.000000000001,CR,5
0 days 02:04:50.000000000,4bb859,237.33326288055667,0.0,False,11277.6,11620.5,7490.000000000001,CR,5
0 days 02:05:00.000000000,4bb859,237.59572609340952,0.0,False,11277.6,11620.5,7500.000000000001,CR,5
0 days 02:05:10.000000000,4bb859,237.59572609340952,0.0,False,11277.6,11620.5,7510.000000000001,CR,5
0 days 02:05:20.000000000,4bb859,238.3008782854124,0.0,False,11277.6,11628.12,7520.000000000001,CR,5
0 days 02:05:30.000000000,4bb859,238.03808077284103,0.0,False,11277.6,11628.12,7530.000000000001,CR,5
0 days 02:05:40.000000000,4bb859,238.7430349497558,0.0,False,11277.6,11628.12,7540.000000000001,CR,5
0 days 02:05:50.000000000,4bb859,238.7430349497558,0.0,False,11277.6,11628.12,7550.000000000001,CR,5
0 days 02:06:00.000000000,4bb859,238.7430349497558,0.0,False,11277.6,11628.12,7560.000000000001,CR,5
0 days 02:06:10.000000000,4bb859,238.3008782854124,0.0,False,11277.6,11628.12,7570.000000000001,CR,5
0 days 02:06:20.000000000,4bb859,238.3008782854124,0.0,False,11277.6,11628.12,7580.000000000001,CR,5
0 days 02:06:30.000000000,4bb859,238.3008782854124,0.0,False,11277.6,11628.12,7590.000000000001,CR,5
0 days 02:06:40.000000000,4bb859,239.27011104598458,-0.32512,False,11277.6,11635.74,7600.000000000001,CR,5
0 days 02:06:50.000000000,4bb859,238.82893018756417,0.0,False,11277.6,11635.74,7610.000000000001,CR,5
0 days 02:07:00.000000000,4bb859,238.56449566194576,0.0,False,11277.6,11635.74,7620.000000000001,CR,5
0 days 02:07:10.000000000,4bb859,238.56449566194576,0.0,False,11277.6,11635.74,7630.000000000001,CR,5
0 days 02:07:20.000000000,4bb859,239.27011104598458,0.0,False,11277.6,11635.74,7640.000000000001,CR,5
0 days 02:07:30.000000000,4bb859,239.53487146825603,0.0,False,11277.6,11635.74,7650.000000000001,CR,5
0 days 02:07:40.000000000,4bb859,239.53487146825603,0.0,False,11277.6,11635.74,7660.000000000001,CR,5
0 days 02:07:50.000000000,4bb859,238.12311889078603,0.0,False,11277.6,11635.74,7670.000000000001,CR,5
0 days 02:08:00.000000000,4bb859,237.6820359542777,0.0,False,11277.6,11635.74,7680.000000000001,CR,5
0 days 02:08:10.000000000,4bb859,237.6820359542777,0.0,False,11277.6,11635.74,7690.000000000001,CR,5
0 days 02:08:20.000000000,4bb859,237.94745117245625,0.0,False,11277.6,11635.74,7700.000000000001,CR,5
0 days 02:08:30.000000000,4bb859,237.24124849132787,0.0,False,11277.6,11643.36,7710.000000000001,CR,5
0 days 02:08:40.000000000,4bb859,237.24124849132787,0.0,False,11277.6,11635.74,7720.000000000001,CR,5
0 days 02:08:50.000000000,4bb859,236.8007581519444,0.0,False,11277.6,11643.36,7730.000000000001,CR,5
0 days 02:09:00.000000000,4bb859,237.5071562918092,0.0,False,11277.6,11643.36,7740.000000000001,CR,5
0 days 02:09:10.000000000,4bb859,237.5071562918092,0.0,False,11277.6,11643.36,7750.000000000001,CR,5
0 days 02:09:20.000000000,4bb859,238.9203331203601,0.0,False,11277.6,11643.36,7760.000000000001,CR,5
0 days 02:09:30.000000000,4bb859,239.36023984468883,0.0,False,11277.6,11643.36,7770.000000000001,CR,5
0 days 02:09:40.000000000,4bb859,240.06682358002132,-0.32512,False,11277.6,11643.36,7780.000000000001,CR,5
0 days 02:09:50.000000000,4bb859,240.06682358002132,0.0,False,11277.6,11643.36,7790.000000000001,CR,5
0 days 02:10:00.000000000,4bb859,239.80044321045025,0.0,False,11277.6,11643.36,7800.000000000001,CR,5
0 days 02:10:10.000000000,4bb859,238.65378200173043,0.0,False,11277.6,11643.36,7810.000000000001,CR,5
0 days 02:10:20.000000000,4bb859,238.2136816575081,0.0,False,11277.6,11650.98,7820.000000000001,CR,5
0 days 02:10:30.000000000,4bb859,238.2136816575081,0.0,False,11277.6,11650.98,7830.000000000001,CR,5
0 days 02:10:40.000000000,4bb859,237.33437798766047,0.0,False,11277.6,11650.98,7840.000000000001,CR,5
0 days 02:10:50.000000000,4bb859,237.06716003156902,0.0,False,11277.6,11650.98,7850.000000000001,CR,5
0 days 02:11:00.000000000,4bb859,236.62746405754243,0.0,False,11277.6,11650.98,7860.000000000001,CR,5
0 days 02:11:10.000000000,4bb859,236.89517799157431,0.0,False,11277.6,11650.98,7870.000000000001,CR,5
0 days 02:11:20.000000000,4bb859,236.89517799157431,0.0,False,11277.6,11650.98,7880.000000000001,CR,5
0 days 02:11:30.000000000,4bb859,236.89517799157431,0.0,False,11277.6,11650.98,7890.000000000001,CR,5
0 days 02:11:40.000000000,4bb859,236.89517799157431,0.0,False,11277.6,11650.98,7900.000000000001,CR,5
0 days 02:11:50.000000000,4bb859,238.04141617330464,0.0,False,11277.6,11650.98,7910.000000000001,CR,5
0 days 02:12:00.000000000,4bb859,238.3097627745559,0.0,False,11277.6,11650.98,7920.000000000001,CR,5
0 days 02:12:10.000000000,4bb859,238.04141617330464,-0.32512,False,11277.6,11650.98,7930.000000000001,CR,5
0 days 02:12:20.000000000,4bb859,237.60240926683412,0.0,False,11277.6,11650.98,7940.000000000001,CR,5
0 days 02:12:30.000000000,4bb859,237.16370563447117,0.0,False,11277.6,11650.98,7950.000000000001,CR,5
0 days 02:12:40.000000000,4bb859,236.89517799157431,0.0,False,11277.6,11650.98,7960.000000000001,CR,5
0 days 02:12:50.000000000,4bb859,236.45628145978256,-0.32512,False,11277.6,11650.98,7970.000000000001,CR,5
0 days 02:13:00.000000000,4bb859,236.45628145978256,0.0,False,11277.6,11650.98,7980.000000000001,CR,5
0 days 02:13:10.000000000,4bb859,236.01769008524428,0.0,False,11277.6,11650.98,7990.000000000001,CR,5
0 days 02:13:20.000000000,4bb859,236.01769008524428,0.0,False,11277.6,11658.6,8000.000000000001,CR,5
0 days 02:13:30.000000000,4bb859,236.01769008524428,0.0,False,11277.6,11650.98,8010.000000000001,CR,5
0 days 02:13:40.000000000,4bb859,235.5794055723445,0.0,False,11277.6,11658.6,8020.000000000001,CR,5
0 days 02:13:50.000000000,4bb859,235.5794055723445,0.0,False,11277.6,11658.6,8030.000000000001,CR,5
0 days 02:14:00.000000000,4bb859,235.5794055723445,0.0,False,11277.6,11658.6,8040.000000000001,CR,5
0 days 02:14:10.000000000,4bb859,235.5794055723445,0.0,False,11277.6,11658.6,8050.000000000001,CR,5
0 days 02:14:20.000000000,4bb859,235.14142963697878,0.0,False,11277.6,11658.6,8060.000000000001,CR,5
0 days 02:14:30.000000000,4bb859,235.8494312997884,0.0,False,11277.6,11658.6,8070.000000000001,CR,5
0 days 02:14:40.000000000,4bb859,235.8494312997884,0.0,False,11277.6,11658.6,8080.000000000001,CR,5
0 days 02:14:50.000000000,4bb859,235.8494312997884,0.0,False,11277.6,11658.6,8090.000000000001,CR,5
0 days 02:15:00.000000000,4bb859,235.8494312997884,0.0,False,11277.6,11658.6,8100.000000000001,CR,5
0 days 02:15:10.000000000,4bb859,236.1202690670716,0.0,False,11277.6,11658.6,8110.000000000001,CR,5
0 days 02:15:20.000000000,4bb859,236.55755149151662,0.0,False,11277.6,11658.6,8120.000000000001,CR,5
0 days 02:15:30.000000000,4bb859,236.55755149151662,0.0,False,11277.6,11658.6,8130.000000000001,CR,5
0 days 02:15:40.000000000,4bb859,236.1202690670716,0.0,False,11277.6,11666.22,8140.000000000001,CR,5
0 days 02:15:50.000000000,4bb859,236.1202690670716,0.0,False,11277.6,11666.22,8150.000000000001,CR,5
0 days 02:16:00.000000000,4bb859,236.1202690670716,0.0,False,11277.6,11666.22,8160.000000000001,CR,5
0 days 02:16:10.000000000,4bb859,235.41195773863456,0.0,False,11277.6,11666.22,8170.000000000001,CR,5
0 days 02:16:20.000000000,4bb859,234.97479599628983,0.0,False,11277.6,11666.22,8180.000000000001,CR,5
0 days 02:16:30.000000000,4bb859,234.97479599628983,0.0,False,11277.6,11666.22,8190.000000000001,CR,5
0 days 02:16:40.000000000,4bb859,235.68329823347545,0.0,False,11277.6,11666.22,8200.0,CR,5
0 days 02:16:50.000000000,4bb859,235.68329823347545,0.0,False,11277.6,11666.22,8210.0,CR,5
0 days 02:17:00.000000000,4bb859,236.1202690670716,0.0,False,11277.6,11666.22,8220.0,CR,5
0 days 02:17:10.000000000,4bb859,236.3919160830955,0.0,False,11277.6,11666.22,8230.0,CR,5
0 days 02:17:20.000000000,4bb859,236.3919160830955,0.0,False,11277.6,11666.22,8240.0,CR,5
0 days 02:17:30.000000000,4bb859,235.246640727069,0.0,False,11277.6,11666.22,8250.0,CR,5
0 days 02:17:40.000000000,4bb859,234.37427269960358,0.0,False,11277.6,11666.22,8260.0,CR,5
0 days 02:17:50.000000000,4bb859,234.10141495427888,0.0,False,11277.6,11666.22,8270.0,CR,5
0 days 02:18:00.000000000,4bb859,234.10141495427888,0.0,False,11277.6,11666.22,8280.0,CR,5
0 days 02:18:10.000000000,4bb859,234.81029829585896,-0.32512,False,11277.6,11673.84,8290.0,CR,5
0 days 02:18:20.000000000,4bb859,235.08345903300227,0.0,False,11277.6,11673.84,8300.0,CR,5
0 days 02:18:30.000000000,4bb859,235.7927571595253,0.0,False,11277.6,11673.84,8310.0,CR,5
0 days 02:18:40.000000000,4bb859,236.2284051966011,0.0,False,11277.6,11673.84,8320.0,CR,5
0 days 02:18:50.000000000,4bb859,236.2284051966011,0.0,False,11277.6,11673.84,8330.0,CR,5
0 days 02:19:00.000000000,4bb859,236.2284051966011,0.0,False,11277.6,11673.84,8340.0,CR,5
0 days 02:19:10.000000000,4bb859,235.7927571595253,0.0,False,11277.6,11673.84,8350.0,CR,5
0 days 02:19:20.000000000,4bb859,235.357427206601,0.0,False,11277.6,11673.84,8360.0,CR,5
0 days 02:19:30.000000000,4bb859,235.357427206601,0.0,False,11277.6,11673.84,8370.0,CR,5
0 days 02:19:40.000000000,4bb859,235.7927571595253,0.0,False,11277.6,11673.84,8380.0,CR,5
0 days 02:19:50.000000000,4bb859,235.7927571595253,0.0,False,11277.6,11673.84,8390.0,CR,5
0 days 02:20:00.000000000,4bb859,236.06702324665847,0.0,False,11277.6,11673.84,8400.0,CR,5
0 days 02:20:10.000000000,4bb859,235.357427206601,-0.32512,False,11277.6,11673.84,8410.0,CR,5
0 days 02:20:20.000000000,4bb859,234.21274314506303,0.0,False,11277.6,11681.46,8420.0,CR,5
0 days 02:20:30.000000000,4bb859,233.5031791102612,0.0,False,11277.6,11673.84,8430.0,CR,5
0 days 02:20:40.000000000,4bb859,233.06811469622227,0.0,False,11277.6,11673.84,8440.0,CR,5
0 days 02:20:50.000000000,4bb859,233.06811469622227,0.0,False,11277.6,11673.84,8450.0,CR,5
0 days 02:21:00.000000000,4bb859,233.06811469622227,0.0,False,11277.6,11673.84,8460.0,CR,5
0 days 02:21:10.000000000,4bb859,233.3433149099892,0.0,False,11277.6,11681.46,8470.0,CR,5
0 days 02:21:20.000000000,4bb859,233.7778671725142,0.0,False,11277.6,11681.46,8480.0,CR,5
0 days 02:21:30.000000000,4bb859,234.4877286382477,0.0,False,11277.6,11681.46,8490.0,CR,5
0 days 02:21:40.000000000,4bb859,234.92241710613388,-0.32512,False,11277.6,11681.46,8500.0,CR,5
0 days 02:21:50.000000000,4bb859,234.92241710613388,-0.32512,False,11277.6,11681.46,8510.0,CR,5
0 days 02:22:00.000000000,4bb859,235.19769810658408,0.0,False,11277.6,11681.46,8520.0,CR,5
0 days 02:22:10.000000000,4bb859,235.19769810658408,0.0,False,11277.6,11681.46,8530.0,CR,5
0 days 02:22:20.000000000,4bb859,234.763519349945,0.0,False,11277.6,11681.46,8540.0,CR,5
0 days 02:22:30.000000000,4bb859,234.05336359496934,0.0,False,11277.6,11681.46,8550.0,CR,5
0 days 02:22:40.000000000,4bb859,234.05336359496934,0.0,False,11277.6,11681.46,8560.0,CR,5
0 days 02:22:50.000000000,4bb859,234.05336359496934,0.0,False,11277.6,11681.46,8570.0,CR,5
0 days 02:23:00.000000000,4bb859,233.89613844443667,-0.32512,False,11277.6,11681.46,8580.0,CR,5
0 days 02:23:10.000000000,4bb859,234.02000449747857,0.0,False,11277.6,11681.46,8590.0,CR,5
0 days 02:23:20.000000000,4bb859,233.1884483533184,0.0,False,11277.6,11681.46,8600.0,CR,5
0 days 02:23:30.000000000,4bb859,232.1185922110149,0.0,False,11269.98,11689.08,8610.0,CR,5
0 days 02:23:40.000000000,4bb859,231.800268944981,0.32512,False,11277.6,11689.08,8620.0,CR,5
0 days 02:23:50.000000000,4bb859,231.5260923113856,0.0,False,11277.6,11681.46,8630.0,CR,5
0 days 02:24:00.000000000,4bb859,231.59123865272144,0.0,False,11277.6,11689.08,8640.0,CR,5
0 days 02:24:10.000000000,4bb859,230.93436427360402,0.0,False,11277.6,11689.08,8650.0,CR,5
0 days 02:24:20.000000000,4bb859,231.33111523192227,0.0,False,11277.6,11689.08,8660.0,CR,5
0 days 02:24:30.000000000,4bb859,231.33111523192227,0.0,False,11277.6,11689.08,8670.0,CR,5
0 days 02:24:40.000000000,4bb859,231.33111523192227,0.0,False,11277.6,11689.08,8680.0,CR,5
0 days 02:24:50.000000000,4bb859,230.93436427360402,0.0,False,11277.6,11689.08,8690.0,CR,5
0 days 02:25:00.000000000,4bb859,230.93436427360402,-0.32512,False,11277.6,11689.08,8700.0,DE,3
0 days 02:25:10.000000000,4bb859,231.65865153483867,-2.60096,False,11262.36,11673.84,8710.0,DE,3
0 days 02:25:20.000000000,4bb859,231.98686620732,-5.2019199999999985,False,11231.88,11643.36,8720.0,DE,3
0 days 02:25:30.000000000,4bb859,231.98686620732,-5.2019199999999985,False,11170.92,11582.4,8730.0,DE,3
0 days 02:25:40.000000000,4bb859,232.71128944886624,-4.8768,False,11125.2,11536.68,8740.0,DE,3
0 days 02:25:50.000000000,4bb859,232.71128944886624,-4.55168,False,11071.86,11490.96,8750.0,DE,3
0 days 02:26:00.000000000,4bb859,234.1601937926804,-4.55168,False,11026.14,11437.62,8760.0,DE,3
0 days 02:26:10.000000000,4bb859,234.1601937926804,-4.8768,False,10988.04,11399.52,8770.0,DE,3
0 days 02:26:20.000000000,4bb859,234.1601937926804,-4.8768,False,10934.7,11346.18,8780.0,DE,3
0 days 02:26:30.000000000,4bb859,233.76484801881475,-4.8768,False,10888.98,11300.46,8790.0,DE,3
0 days 02:26:40.000000000,4bb859,233.04029288778315,-4.55168,False,10835.64,11254.74,8800.0,DE,3
0 days 02:26:50.000000000,4bb859,232.71128944886624,-4.55168,False,10797.54,11209.02,8810.0,DE,3
0 days 02:27:00.000000000,4bb859,232.31575637417384,-4.8768,False,10744.2,11163.3,8820.0,DE,3
0 days 02:27:10.000000000,4bb859,233.04029288778315,-4.8768,False,10698.48,11117.58,8830.0,DE,3
0 days 02:27:20.000000000,4bb859,233.18617848172667,-4.8768,False,10645.14,11056.62,8840.0,DE,3
0 days 02:27:30.000000000,4bb859,232.8391957521534,-5.2019199999999985,False,10614.66,11026.14,8850.0,DE,3
0 days 02:27:40.000000000,4bb859,233.18163867225613,-5.2019199999999985,False,10546.08,10965.18,8860.0,DE,3
0 days 02:27:50.000000000,4bb859,234.64342950009498,-10.40384,False,10462.26,10904.22,8870.0,DE,3
0 days 02:28:00.000000000,4bb859,235.7388760397695,-15.930879999999998,False,10332.72,10751.820000000003,8880.0,DE,3
0 days 02:28:10.000000000,4bb859,236.1073790753609,-14.630400000000002,False,10195.56,10607.04,8890.0,DE,3
0 days 02:28:20.000000000,4bb859,236.1073790753609,-14.630400000000002,False,10035.54,10447.02,8900.0,DE,3
0 days 02:28:30.000000000,4bb859,236.47642702061611,-13.0048,False,9890.76,10302.24,8910.0,DE,3
0 days 02:28:40.000000000,4bb859,235.37991555456875,-10.40384,False,9776.46,10180.32,8920.0,DE,3
0 days 02:28:50.000000000,4bb859,233.92498982217572,-11.05408,False,9669.78,10081.26,8930.0,DE,3
0 days 02:29:00.000000000,4bb859,232.82896583368907,-11.05408,False,9555.48,9974.58,8940.0,DE,3
0 days 02:29:10.000000000,4bb859,231.37401284852643,-11.05408,False,9441.18,9860.28,8950.0,DE,3
0 days 02:29:20.000000000,4bb859,229.91906131102127,-10.72896,False,9334.5,9738.36,8960.0,DE,3
0 days 02:29:30.000000000,4bb859,228.83276394231248,-11.05408,False,9235.44,9631.68,8970.0,DE,3
0 days 02:29:40.000000000,4bb859,227.73663677981617,-10.72896,False,9121.14,9517.38,8980.0,DE,3
0 days 02:29:50.000000000,4bb859,226.2816889840149,-10.72896,False,9014.46,9403.080000000002,8990.0,DE,3
0 days 02:30:00.000000000,4bb859,225.18607196184064,-10.72896,False,8900.16,9296.4,9000.0,DE,3
0 days 02:30:10.000000000,4bb859,223.73109823378516,-10.72896,False,8801.1,9189.72,9010.0,DE,3
0 days 02:30:20.000000000,4bb859,222.63600542338486,-10.72896,False,8694.42,9083.04,9020.0,DE,3
0 days 02:30:30.000000000,4bb859,221.54863994777364,-10.40384,False,8587.74,8968.74,9030.0,DE,3
0 days 02:30:40.000000000,4bb859,220.09366933005143,-10.40384,False,8481.060000000001,8854.44,9040.0,DE,3
0 days 02:30:50.000000000,4bb859,219.017849355157,-10.40384,False,8374.380000000001,8747.76,9050.0,DE,3
0 days 02:31:00.000000000,4bb859,219.879528249434,-10.40384,False,8275.32,8648.699999999999,9060.0,DE,3
0 days 02:31:10.000000000,4bb859,221.5056316968272,-9.10336,False,8168.64,8534.4,9070.0,DE,3
0 days 02:31:20.000000000,4bb859,223.5488566446309,-9.10336,False,8077.200000000003,8488.68,9080.0,DE,3
0 days 02:31:30.000000000,4bb859,224.28932442590562,-6.5024000000000015,False,7985.76,8351.52,9090.0,DE,3
0 days 02:31:40.000000000,4bb859,223.6843686071825,-2.60096,False,7955.2800000000025,8313.42,9100.0,DE,3
0 days 02:31:50.000000000,4bb859,224.04848309850632,-0.6502399999999999,False,7924.8,8282.94,9110.0,DE,3
0 days 02:32:00.000000000,4bb859,224.2320890202893,0.0,False,7924.8,8282.94,9120.0,LVL,4
0 days 02:32:10.000000000,4bb859,224.60238555612088,0.0,False,7924.8,8282.94,9130.0,LVL,4
0 days 02:32:20.000000000,4bb859,224.60238555612088,0.0,False,7924.8,8282.94,9140.0,LVL,4
0 days 02:32:30.000000000,4bb859,224.60238555612088,0.0,False,7924.8,8282.94,9150.0,LVL,4
0 days 02:32:40.000000000,4bb859,223.9368291099857,-0.6502399999999999,False,7924.8,8282.94,9160.0,LVL,4
0 days 02:32:50.000000000,4bb859,222.87777935662362,-4.8768,False,7917.18,8275.32,9170.0,LVL,4
0 days 02:33:00.000000000,4bb859,219.65734707275882,-7.477760000000001,False,7833.360000000002,8199.12,9180.0,DE,3
0 days 02:33:10.000000000,4bb859,216.62674255012686,-10.07872,False,7749.54,8122.920000000001,9190.0,DE,3
0 days 02:33:20.000000000,4bb859,214.934801705291,-11.70432,False,7665.72,8023.860000000002,9200.0,DE,3
0 days 02:33:30.000000000,4bb859,214.21450630912446,-12.354560000000001,False,7520.94,7879.080000000001,9210.0,DE,3
0 days 02:33:40.000000000,4bb859,213.49426,-8.77824,False,7406.64,7757.160000000003,9220.0,DE,3
0 days 02:33:50.000000000,4bb859,211.0261578435199,-7.80288,False,7322.820000000002,7673.34,9230.0,DE,3
0 days 02:34:00.000000000,4bb859,208.86679819152263,-10.07872,False,7239.0,7581.9,9240.0,DE,3
0 days 02:34:10.000000000,4bb859,207.734117922475,-10.72896,False,7124.700000000003,7475.22,9250.0,DE,3
0 days 02:34:20.000000000,4bb859,206.2946097895301,-10.07872,False,7025.64,7353.3,9260.0,DE,3
0 days 02:34:30.000000000,4bb859,204.74935828541214,-9.7536,False,6934.200000000003,7277.1,9270.0,DE,3
0 days 02:34:40.000000000,4bb859,201.45721626008802,-13.0048,False,6819.900000000002,7147.56,9280.0,DE,3
0 days 02:34:50.000000000,4bb859,198.88500849308804,-15.280640000000002,False,6675.12,7002.7800000000025,9290.0,DE,3
0 days 02:35:00.000000000,4bb859,196.31280104665692,-15.280640000000002,False,6522.72,6842.76,9300.0,DE,3
0 days 02:35:10.000000000,4bb859,194.46051248029084,-16.256,False,6362.700000000003,6675.120000000001,9310.0,DE,3
0 days 02:35:20.000000000,4bb859,193.3283016072937,-17.881600000000006,False,6195.06,6492.2400000000025,9320.0,DE,3
0 days 02:35:30.000000000,4bb859,192.19630593982674,-16.256,False,6027.42,6316.980000000001,9330.0,DE,3
0 days 02:35:40.000000000,4bb859,191.47616737363808,-17.231360000000002,False,5867.400000000002,6149.34,9340.0,DE,3
0 days 02:35:50.000000000,4bb859,190.34428,-15.930879999999998,False,5692.14,5966.46,9350.0,DE,3
0 days 02:36:00.000000000,4bb859,188.49230968100238,-15.60576,False,5532.12,5791.2,9360.0,DE,3
0 days 02:36:10.000000000,4bb859,187.0518666972476,-16.581120000000002,False,5372.1,5638.8,9370.0,DE,3
0 days 02:36:20.000000000,4bb859,186.64039663855428,-18.20672,False,5196.84,5455.92,9380.0,DE,3
0 days 02:36:30.000000000,4bb859,186.64039663855428,-16.90624,False,5013.96,5257.8,9390.0,DE,3
0 days 02:36:40.000000000,4bb859,185.5089629221227,-15.930879999999998,False,4853.940000000001,5082.540000000001,9400.0,DE,3
0 days 02:36:50.000000000,4bb859,184.78854259469767,-16.256,False,4693.92,4922.52,9410.0,DE,3
0 days 02:37:00.000000000,4bb859,185.6116518514856,-11.05408,False,4549.14,4762.5,9420.0,DE,3
0 days 02:37:10.000000000,4bb859,184.4796470917992,-7.80288,False,4450.08,4663.44,9430.0,DE,3
0 days 02:37:20.000000000,4bb859,181.907427497509,-7.477760000000001,False,4373.88,4579.62,9440.0,DE,3
0 days 02:37:30.000000000,4bb859,178.61507533544452,-17.231360000000002,False,4259.58,4465.32,9450.0,DE,3
0 days 02:37:40.000000000,4bb859,181.08501874284386,-13.98016,False,4091.94,4297.68,9460.0,DE,3
0 days 02:37:50.000000000,4bb859,181.49595985393086,-14.305280000000002,False,3962.4,4152.9,9470.0,DE,3
0 days 02:38:00.000000000,4bb859,183.45176909498431,-15.280640000000002,False,3810.0,3992.88,9480.0,DE,3
0 days 02:38:10.000000000,4bb859,185.29484487081848,-13.65504,False,3665.22,3848.1,9490.0,DE,3
0 days 02:38:20.000000000,4bb859,186.90749503051273,-12.354560000000001,False,3535.680000000001,3703.32,9500.0,DE,3
0 days 02:38:30.000000000,4bb859,184.74915312301144,-4.8768,False,3451.86,3619.5,9510.0,DE,3
0 days 02:38:40.000000000,4bb859,180.6020854748536,-3.90144,False,3406.1400000000012,3573.78,9520.0,DE,3
0 days 02:38:50.000000000,4bb859,176.0000066039601,-4.22656,False,3368.04,3520.44,9530.0,DE,3
0 days 02:39:00.000000000,4bb859,169.86626165733975,-4.8768,False,3322.32,3482.34,9540.0,DE,3
0 days 02:39:10.000000000,4bb859,163.16392547161516,-4.55168,False,3276.6000000000013,3429.0000000000005,9550.0,DE,3
0 days 02:39:20.000000000,4bb859,158.50553109951323,-8.45312,False,3215.6400000000012,3368.0400000000004,9560.0,DE,3
0 days 02:39:30.000000000,4bb859,155.89096292935756,-10.72896,False,3124.200000000001,3268.9800000000005,9570.0,DE,3
0 days 02:39:40.000000000,4bb859,154.41891686303725,-10.72896,False,3017.52,3162.3,9580.0,DE,3
0 days 02:39:50.000000000,4bb859,152.3761938734511,-9.7536,False,2910.84,3055.6200000000013,9590.0,DE,3
0 days 02:40:00.000000000,4bb859,150.78212347144213,-10.72896,False,2804.160000000001,2948.94,9600.0,DE,3
0 days 02:40:10.000000000,4bb859,148.67787612346496,-9.42848,False,2705.1,2842.26,9610.0,DE,3
0 days 02:40:20.000000000,4bb859,147.02661918111454,-11.3792,False,2598.42,2743.2000000000007,9620.0,DE,3
0 days 02:40:30.000000000,4bb859,147.0851085892869,-13.329920000000001,False,2476.5,2621.28,9630.0,DE,3
0 days 02:40:40.000000000,4bb859,147.59612635398227,-13.329920000000001,False,2339.34,2468.88,9640.0,DE,3
0 days 02:40:50.000000000,4bb859,147.1453733383229,-10.40384,False,2217.42,2339.34,9650.0,DE,3
0 days 02:41:00.000000000,4bb859,145.61309930253157,-10.07872,False,2125.98,2240.28,9660.0,DE,3
0 days 02:41:10.000000000,4bb859,142.9978509985134,-5.8521600000000005,False,2034.54,2148.84,9670.0,DE,3
0 days 02:41:20.000000000,4bb859,138.33953003647068,-5.52704,False,1981.2,2095.5,9680.0,DE,3
0 days 02:41:30.000000000,4bb859,135.2136565808837,-8.45312,False,1912.62,2026.92,9690.0,DE,3
0 days 02:41:40.000000000,4bb859,134.19200494691074,-9.42848,False,1821.18,1927.86,9700.0,DE,3
0 days 02:41:50.000000000,4bb859,133.68122075448144,-7.80288,False,1737.36,1851.66,9710.0,DE,3
0 days 02:42:00.000000000,4bb859,133.68122075448144,-7.152640000000001,False,1668.78,1767.84,9720.0,DE,3
0 days 02:42:10.000000000,4bb859,133.17046473750614,-4.55168,False,1600.2,1699.26,9730.0,DE,3
0 days 02:42:20.000000000,4bb859,132.59887657623383,-2.92608,False,1562.1,1653.5400000000006,9740.0,DE,3
0 days 02:42:30.000000000,4bb859,130.55530600812418,-3.2512000000000003,False,1531.62,1623.0600000000006,9750.0,DE,3
0 days 02:42:40.000000000,4bb859,127.94047487820886,-2.92608,False,1501.14,1592.5800000000006,9760.0,DE,3
0 days 02:42:50.000000000,4bb859,124.81497111360737,-1.6256000000000002,False,1470.66,1562.1,9770.0,DE,3
0 days 02:43:00.000000000,4bb859,121.74945217650148,-2.27584,False,1455.42,1554.48,9780.0,DE,3
0 days 02:43:10.000000000,4bb859,120.72785198290795,-2.60096,False,1432.5600000000006,1531.62,9790.0,DE,3
0 days 02:43:20.000000000,4bb859,120.21709850041586,-2.27584,False,1409.7,1501.14,9800.0,DE,3
0 days 02:43:30.000000000,4bb859,119.70637662450869,-2.27584,False,1386.84,1478.2800000000002,9810.0,DE,3
0 days 02:43:40.000000000,4bb859,119.70637662450869,-3.5763200000000004,False,1363.98,1455.42,9820.0,DE,3
0 days 02:43:50.000000000,4bb859,119.19568676146393,-3.90144,False,1325.88,1417.3200000000006,9830.0,DE,3
0 days 02:44:00.000000000,4bb859,118.68502932452604,-2.92608,False,1287.78,1379.22,9840.0,DE,3
0 days 02:44:10.000000000,4bb859,118.17440473405588,-1.95072,False,1264.92,1356.36,9850.0,DE,3
0 days 02:44:20.000000000,4bb859,119.23786538865996,-2.92608,False,1242.0600000000004,1325.88,9860.0,DE,3
0 days 02:44:30.000000000,4bb859,118.03995772090114,-3.2512000000000003,False,1203.96,1287.78,9870.0,DE,3
0 days 02:44:40.000000000,4bb859,115.57600161963265,-2.92608,False,1173.48,1257.3,9880.0,DE,3
0 days 02:44:50.000000000,4bb859,112.76654724409923,-3.2512000000000003,False,1143.0,1226.82,9890.0,DE,3
0 days 02:45:00.000000000,4bb859,110.63536549196192,-3.2512000000000003,False,1112.52,1203.96,9900.0,DE,3
0 days 02:45:10.000000000,4bb859,109.06334130457182,-3.5763200000000004,False,1082.04,1165.86,9910.0,DE,3
0 days 02:45:20.000000000,4bb859,107.22795098673443,-3.2512000000000003,False,1043.94,1127.76,9920.0,DE,3
0 days 02:45:30.000000000,4bb859,106.92765256907808,-3.2512000000000003,False,1013.46,1089.66,9930.0,DE,3
0 days 02:45:40.000000000,4bb859,107.52987197496256,-3.5763200000000004,False,975.36,1051.56,9940.0,DE,3
0 days 02:45:50.000000000,4bb859,106.81126128266949,-3.5763200000000004,False,944.88,1021.08,9950.0,DE,3
0 days 02:46:00.000000000,4bb859,105.67661515989144,-1.95072,False,914.4,990.6,9960.0,DE,3
0 days 02:46:10.000000000,4bb859,100.4576231762127,-0.32512,False,899.1600000000003,975.36,9970.0,DE,3
0 days 02:46:20.000000000,4bb859,95.2610833470012,0.0,False,899.1600000000003,975.36,9980.0,DE,3
0 days 02:46:30.000000000,4bb859,94.11091799927028,0.0,False,899.1600000000003,975.36,9990.0,DE,3
0 days 02:46:40.000000000,4bb859,93.64717919766527,-5.2019199999999985,False,876.3000000000003,952.5,10000.0,DE,3
0 days 02:46:50.000000000,4bb859,93.40948843658647,-5.8521600000000005,False,815.34,891.5400000000003,10010.0,DE,3
0 days 02:47:00.000000000,4bb859,92.94794470839894,-5.52704,False,762.0,838.2,10020.0,DE,3
0 days 02:47:10.000000000,4bb859,90.42075907610182,-5.52704,False,708.6600000000003,777.2400000000001,10030.0,DE,3
0 days 02:47:20.000000000,4bb859,87.65799697879608,-5.52704,False,655.32,723.9000000000003,10040.0,DE,3
0 days 02:47:30.000000000,4bb859,82.5951016782392,-6.1772800000000005,False,609.6,685.8000000000002,10050.0,DE,3
0 days 02:47:40.000000000,4bb859,78.91812416332188,-4.22656,False,556.26,624.84,10060.0,DE,3
0 days 02:47:50.000000000,4bb859,74.54291784830707,-4.55168,False,510.54,571.5,10070.0,DE,3
0 days 02:48:00.000000000,4bb859,71.55396399407272,-3.90144,False,472.44,533.4,10080.0,DE,3
0 days 02:48:10.000000000,4bb859,71.32984505198088,-3.90144,False,426.72,487.68,10090.0,DE,3
0 days 02:48:20.000000000,4bb859,72.0166478890693,-4.22656,False,388.62,449.58,10100.0,DE,3
0 days 02:48:30.000000000,4bb859,72.24229956584936,-4.22656,False,342.9000000000001,411.48,10110.0,DE,3
0 days 02:48:40.000000000,4bb859,71.32984505198088,-4.22656,False,304.8,358.14,10120.0,DE,3
0 days 02:48:50.000000000,4bb859,70.17966534702883,-3.90144,False,259.08000000000004,335.28,10130.0,DE,3
0 days 02:49:00.000000000,4bb859,69.25341107268719,-4.22656,False,220.98,281.94,10140.0,DE,3
0 days 02:49:10.000000000,4bb859,69.25341107268719,-4.22656,False,213.36,274.32000000000005,10150.0,DE,3
0 days 02:49:20.000000000,4bb859,69.25341107268719,-4.22656,False,213.36,274.32000000000005,10160.0,DE,3
0 days 02:49:30.000000000,4bb859,69.25341107268719,-4.22656,False,213.36,274.32000000000005,10170.0,DE,3
0 days 02:49:40.000000000,4bb859,69.25341107268719,-4.22656,False,213.36,274.32000000000005,10180.0,DE,3
0 days 02:49:50.000000000,4bb859,69.25341107268719,-4.22656,False,213.36,274.32000000000005,10190.0,DE,3
0 days 02:50:00.000000000,4bb859,69.25341107268719,-4.22656,False,213.36,274.32000000000005,10200.0,DE,3
0 days 02:50:10.000000000,4bb859,69.25341107268719,-4.22656,False,213.36,274.32000000000005,10210.0,DE,3
0 days 02:50:20.000000000,4bb859,69.25341107268719,-4.22656,False,213.36,274.32000000000005,10220.0,DE,3
0 days 02:50:30.000000000,4bb859,69.25341107268719,-4.22656,False,213.36,274.32000000000005,10230.0,DE,3
0 days 02:50:40.000000000,4bb859,69.25341107268719,-4.22656,False,213.36,274.32000000000005,10240.0,DE,3
0 days 02:50:50.000000000,4bb859,69.25341107268719,-4.22656,False,213.36,274.32000000000005,10250.0,DE,3
0 days 02:51:00.000000000,4bb859,69.25341107268719,-4.22656,False,213.36,274.32000000000005,10260.0,DE,3
0 days 02:51:10.000000000,4bb859,69.25341107268719,-4.22656,False,213.36,274.32000000000005,10270.0,DE,3
0 days 02:51:20.000000000,4bb859,69.25341107268719,-4.22656,False,213.36,274.32000000000005,10280.0,DE,3
0 days 02:51:30.000000000,4bb859,69.25341107268719,-4.22656,False,213.36,274.32000000000005,10290.0,DE,3
0 days 02:51:40.000000000,4bb859,69.25341107268719,-4.22656,False,213.36,274.32000000000005,10300.0,DE,3
0 days 02:51:50.000000000,4bb859,69.25341107268719,-4.22656,False,213.36,274.32000000000005,10310.0,DE,3
0 days 02:52:00.000000000,4bb859,69.25341107268719,-4.22656,False,213.36,274.32000000000005,10320.0,DE,3
0 days 02:52:10.000000000,4bb859,69.25341107268719,-4.22656,False,213.36,274.32000000000005,10330.0,DE,3
0 days 02:52:20.000000000,4bb859,69.25341107268719,-4.22656,False,213.36,274.32000000000005,10340.0,DE,3
0 days 02:52:30.000000000,4bb859,69.25341107268719,-4.22656,False,213.36,274.32000000000005,10350.0,DE,3
0 days 02:52:40.000000000,4bb859,69.25341107268719,-4.22656,False,213.36,274.32000000000005,10360.0,DE,3
0 days 02:52:50.000000000,4bb859,69.25341107268719,-4.22656,False,213.36,274.32000000000005,10370.0,DE,3
0 days 02:53:00.000000000,4bb859,69.25341107268719,-4.22656,False,213.36,274.32000000000005,10380.0,DE,3
0 days 02:53:10.000000000,4bb859,69.25341107268719,-4.22656,False,213.36,274.32000000000005,10390.0,DE,3
0 days 02:53:20.000000000,4bb859,69.25341107268719,-4.22656,False,213.36,274.32000000000005,10400.0,DE,3
0 days 02:53:30.000000000,4bb859,69.25341107268719,-4.22656,False,213.36,274.32000000000005,10410.0,DE,3
0 days 02:53:40.000000000,4bb859,69.25341107268719,-4.22656,False,213.36,274.32000000000005,10420.0,DE,3
0 days 02:53:50.000000000,4bb859,69.25341107268719,-4.22656,False,213.36,274.32000000000005,10430.0,DE,3
0 days 02:54:00.000000000,4bb859,69.25341107268719,-4.22656,False,213.36,274.32000000000005,10440.0,NA,6
